hour,num_decisions_mean,num_decisions_standard_deviation,num_decisions_median,num_decisions_min,num_decisions_max,num_decisions_count,optimal_hits_mean,optimal_hits_standard_deviation,optimal_hits_median,optimal_hits_min,optimal_hits_max,optimal_hits_count,optimum_recovery_rate_mean,optimum_recovery_rate_standard_deviation,optimum_recovery_rate_median,optimum_recovery_rate_min,optimum_recovery_rate_max,optimum_recovery_rate_count,average_selected_energy_mean,average_selected_energy_standard_deviation,average_selected_energy_median,average_selected_energy_min,average_selected_energy_max,average_selected_energy_count,average_exact_min_energy_mean,average_exact_min_energy_standard_deviation,average_exact_min_energy_median,average_exact_min_energy_min,average_exact_min_energy_max,average_exact_min_energy_count,average_optimality_gap_mean,average_optimality_gap_standard_deviation,average_optimality_gap_median,average_optimality_gap_min,average_optimality_gap_max,average_optimality_gap_count,maximum_optimality_gap_mean,maximum_optimality_gap_standard_deviation,maximum_optimality_gap_median,maximum_optimality_gap_min,maximum_optimality_gap_max,maximum_optimality_gap_count,average_energy_reduction_mean,average_energy_reduction_standard_deviation,average_energy_reduction_median,average_energy_reduction_min,average_energy_reduction_max,average_energy_reduction_count
0,2700,0.0,2700.0,2700,2700,20,1784.9,939.8759660609198,2520.0,439,2628,20,0.661074074074074,0.3481022096521926,0.9333333333333333,0.1625925925925926,0.9733333333333334,20,-90.08145796296277,8.231599759403936,-95.76687592592594,-97.62204074074074,-75.66141111111111,20,-98.77663685185166,2.158274603199118,-98.22385925925926,-102.54902962962963,-96.06752222222222,20,8.695178888888888,9.823787288427786,1.0698444444444442,0.35638518518518514,25.12823703703704,20,56.459,23.587639470482706,45.94,32.0,106.94,20,-8.681479259259259,9.822429818221432,-1.059596296296296,-25.113555555555557,-0.34438518518518535,20
1,2700,0.0,2700.0,2700,2700,20,1603,987.9854569566775,1731.0,413,2673,20,0.5937037037037037,0.36592053961358423,0.6411111111111111,0.15296296296296297,0.99,20,-89.76197222222211,12.846131606364928,-95.98669444444444,-103.32142962962962,-71.13767037037029,20,-101.0311948148147,1.9221208280845508,-101.30956111111112,-104.61239629629628,-98.3384037037037,20,11.269222592592593,11.181571921711244,7.113581481481481,0.1608074074074074,27.382659259259263,20,58.094,26.488955474032252,54.5,24.939999999999998,97.0,20,-11.267718888888888,11.180198214653053,-7.111948148148148,-27.380940740740744,-0.1608074074074074,20
2,2700,0.0,2700.0,2700,2700,20,1430.05,1100.5537111166504,899.5,337,2679,20,0.5296481481481482,0.4076124855987594,0.33314814814814814,0.12481481481481481,0.9922222222222222,20,-86.7923722222222,16.649908361500195,-84.08822777777782,-105.36815925925853,-66.97047407407408,20,-101.76904740740738,2.8375908446511717,-101.2696351851852,-105.7008259259253,-97.57096296296295,20,14.976675185185185,13.887389334665816,17.04444814814815,0.14161481481481483,30.60048888888889,20,61.871,25.2724567984907,64.06,24.0,92.0,20,-14.975402222222222,13.886349911844835,-17.041888888888888,-30.599792592592593,-0.14161481481481483,20
3,2700,0.0,2700.0,2700,2700,20,2055.65,598.5000791452263,2230.0,299,2688,20,0.7613518518518518,0.22166669597971345,0.825925925925926,0.11074074074074074,0.9955555555555555,20,-97.94690925925923,11.231393771018864,-101.32152777777779,-106.06745555555555,-63.29343333333333,20,-104.07313333333332,2.3268685630928196,-104.35059444444445,-106.7822777777778,-97.60427777777777,20,6.126224074074074,9.138365336504904,3.2634,0.08925925925925926,34.31084444444444,20,47.012,16.675278140187995,43.06,31.0,100.0,20,-6.125636296296297,9.137636334645231,-3.2634,-34.30714074074074,-0.08925925925925926,20
4,2700,0.0,2700.0,2700,2700,20,2138.95,227.1360535936672,2074.5,1882,2678,20,0.7922037037037037,0.08412446429395082,0.7683333333333333,0.697037037037037,0.9918518518518519,20,-100.17629833333329,1.8934895951523925,-100.13817777777777,-103.72648518518518,-96.44654814814814,20,-104.05208944444442,0.8365527961848325,-104.12063333333334,-105.13409629629629,-102.336,20,3.8757911111111114,1.6022764652681258,4.290725925925928,0.15717037037037038,5.889451851851852,20,44.494,4.874613506946501,44.0,30.0,53.06,20,-3.875368888888889,1.602125383878565,-4.290170370370372,-5.889451851851852,-0.15717037037037038,20
5,2700,0.0,2700.0,2700,2700,20,1465.2,889.3449748047865,977.0,617,2568,20,0.5426666666666666,0.3293870277054765,0.36185185185185187,0.2285185185185185,0.9511111111111111,20,-86.82512388888877,5.1842648747721185,-86.99285555555556,-94.40065925925926,-80.32913333333333,20,-98.5064972222221,5.172575843982256,-101.91163333333333,-103.77470370370371,-90.96781481481482,20,11.681373333333333,9.431300040068004,15.551533333333332,0.5471185185185186,21.54142962962963,20,65.79599999999999,22.75740212719693,76.44,35.94,96.06,20,-11.646826296296297,9.422884345670035,-15.51541851851852,-21.507274074074076,-0.5230074074074076,20
6,2700,0.0,2700.0,2700,2700,20,1591.05,810.9487929190364,1720.5,620,2471,20,0.5892777777777778,0.3003514047848283,0.6372222222222221,0.22962962962962963,0.9151851851851852,20,-98.25603129629626,4.674303798271728,-97.04005925925927,-107.26978518518519,-94.09855185185285,20,-107.83108203703696,8.027630568865401,-112.12825370370369,-115.59235185185184,-96.64776666666667,20,9.57505074074074,9.289389141563104,4.973411111111112,0.7081925925925927,21.22762222222222,20,67.023,27.801450378674396,58.120000000000005,32.0,115.57999999999998,20,-9.363587407407406,9.236095740109318,-4.884937037037038,-20.92854074074073,-0.5100962962962967,20
7,2700,0.0,2700.0,2700,2700,20,1752.2,398.3819378699951,1822.5,658,2334,20,0.648962962962963,0.14754886587777596,0.675,0.2437037037037037,0.8644444444444445,20,-129.85530037037037,5.445788846364145,-131.98102037037035,-135.2034962962963,-117.3807925925926,20,-135.50578703703704,4.879954423007538,-136.57711296296293,-141.0415148148148,-121.91898518518525,20,5.6504866666666675,5.746719429008756,4.0923592592592595,1.1988740740740729,22.612429629629627,20,68.354,21.17804334682503,63.800000000000004,47.06,112.58,20,-5.17976814814815,5.465585556477979,-3.75528888888889,-21.28240740740741,-0.6521555555555549,20
8,2700,0.0,2700.0,2700,2700,20,1669,390.43228404046283,1818.0,628,1907,20,0.6181481481481481,0.14460454964461586,0.6733333333333333,0.2325925925925926,0.7062962962962963,20,-141.5129764814815,5.301626241571553,-143.2461537037037,-145.51112962962964,-125.79819629629701,20,-148.64021055555554,2.144231407635035,-148.1060388888889,-153.14638888888888,-145.39288148148142,20,7.1272340740740745,6.4240461450831114,4.714444444444445,3.271000000000001,24.236407407407405,20,99.448,27.979307692424563,96.42999999999999,55.0,149.76,20,-6.269860740740741,5.871570710063483,-4.0979000000000045,-22.07482962962963,-2.772896296296297,20
9,2700,0.0,2700.0,2700,2700,20,1569.25,448.89910658714484,1795.5,676,2229,20,0.5812037037037037,0.1662589283656092,0.665,0.25037037037037035,0.8255555555555556,20,-131.62041444444444,5.358220993841465,-134.04122037037035,-136.11416296296295,-119.0994111111111,20,-140.0312614814815,2.6955741931061494,-139.95190555555553,-144.06854074074073,-132.1421962962963,20,8.41084703703704,6.908824351599129,4.610218518518528,2.1893777777777776,22.875548148148148,20,98.175,29.48793714117868,86.92999999999998,64.24000000000001,166.21999999999997,20,-7.6322970370370395,6.4517100282270246,-4.164614814814825,-21.43917037037037,-1.5205037037037046,20
10,2700,0.0,2700.0,2700,2700,20,1758.1,227.38627001090828,1784.5,1092,2309,20,0.6511481481481481,0.08421713704107714,0.6609259259259259,0.40444444444444444,0.8551851851851852,20,-126.27547537037047,2.3232364317505576,-126.8709074074074,-128.5887037037044,-118.22953703703703,20,-131.05491833333338,3.012104529827496,-131.1994648148148,-136.33100740740738,-119.5482111111111,20,4.779442962962966,2.2289374465341703,4.32155925925926,1.3186740740740743,11.636955555555556,20,62.068,9.749449431148726,60.24000000000001,48.06,88.39999999999998,20,-4.470205555555558,2.1740880607881676,-4.057144444444445,-11.263496296296298,-0.8402518518518526,20
11,2700,0.0,2700.0,2700,2700,20,1652.35,380.02205960900966,1793.0,664,1849,20,0.6119814814814815,0.14074891096629985,0.664074074074074,0.24592592592592594,0.6848148148148148,20,-134.6823946296296,4.829040580634674,-135.76600925925925,-139.3932851851852,-121.55468888888888,20,-141.98589425925923,4.283683960718609,-141.5996148148148,-156.3294111111111,-136.21489629629622,20,7.303499629629632,6.521932246069209,4.77115925925927,3.829874074074086,23.775118518518518,20,94.21600000000001,33.357865386710436,90.83,55.24000000000001,207.98,20,-6.512791851851855,5.884152132001934,-4.230874074074084,-22.14134074074074,-3.451318518518528,20
12,2700,0.0,2700.0,2700,2700,20,1610.5,489.51786161702546,1823.0,648,2166,20,0.5964814814814815,0.18130291171000942,0.6751851851851851,0.24,0.8022222222222222,20,-135.18521851851852,6.575311310860887,-137.79715555555555,-143.1324148148148,-122.41605925925926,20,-143.24373111111106,3.5876940044411585,-143.11407407407407,-148.79484074074054,-131.64378888888888,20,8.058512592592594,7.776989861059919,4.462396296296297,2.3570444444444445,23.77153333333332,20,89.789,28.52700546942548,80.32000000000001,48.06,146.88,20,-7.321591111111115,7.290566739157164,-3.9802666666666675,-21.807711111111143,-1.7737777777777788,20
13,2700,0.0,2700.0,2700,2700,20,1687.9,350.6484069023527,1799.0,643,2194,20,0.6251481481481481,0.1298697803342047,0.6662962962962963,0.23814814814814814,0.8125925925925926,20,-143.45396777777773,4.434070906188034,-144.50339444444444,-147.86758148148147,-131.10891481481482,20,-150.79046037037034,3.0816469161783875,-150.9380166666665,-156.03223333333332,-142.2169888888889,20,7.336492592592596,5.996437118371402,5.158651851851852,2.349362962962963,24.079903703703703,20,111.92999999999999,34.65611482461417,100.43,68.82,190.31999999999996,20,-6.250665925925929,5.2376552726552905,-4.4266259259259275,-22.148807407407407,-1.4653851851851858,20
14,2700,0.0,2700.0,2700,2700,20,1345.1,539.1433653686677,1708.0,643,1873,20,0.4981851851851852,0.19968272791432135,0.6325925925925926,0.23814814814814814,0.6937037037037037,20,-151.8042498148147,8.209645582723562,-155.30547592592592,-160.6813222222222,-139.3487888888889,20,-165.83003425925915,3.979526019350086,-165.17481851851784,-177.30267037037035,-160.58225185185182,20,14.025784444444442,9.636922493222418,7.099196296296304,5.295511111111112,31.083325925925923,20,134.178,28.992568122120357,136.73000000000002,96.51999999999998,216.28,20,-11.769738888888892,8.395980296249883,-5.5833518518518614,-23.8966,-4.2794444444444455,20
15,2700,0.0,2700.0,2700,2700,20,1256.85,491.66262234435345,1604.0,638,1828,20,0.4655,0.18209726753494573,0.5940740740740741,0.2362962962962963,0.677037037037037,20,-162.1888031481482,10.034740012184251,-168.0503333333333,-175.8742074074074,-144.9405,20,-179.10476462962964,2.666631452518591,-178.3572796296296,-187.2155111111111,-174.69471851851853,20,16.915961481481485,10.730238251388084,9.31406666666668,5.3125629629629625,34.62194074074074,20,146.583,39.969099788395745,142.69,78.22,230.61999999999998,20,-13.198764814814815,8.494065347498461,-6.910359259259263,-25.39999259259259,-3.631296296296297,20
16,2700,0.0,2700.0,2700,2700,20,1283.1,367.0723290263679,1472.0,636,1542,20,0.4752222222222222,0.13595271445421034,0.5451851851851852,0.23555555555555555,0.5711111111111111,20,-168.5735153703704,7.668498131093627,-172.3503851851852,-174.4880777777778,-147.40874444444444,20,-184.86719870370374,1.3670992763396774,-184.8482666666668,-188.02863333333335,-183.00858148148149,20,16.293683333333338,8.298016370679331,12.120200000000017,10.59751851851852,37.40837777777777,20,145.86499999999998,21.099796831149572,139.6,119.91999999999997,193.94,20,-12.327346666666669,6.762672628785063,-8.781470370370375,-27.057377777777777,-7.678777777777778,20
17,2700,0.0,2700.0,2700,2700,20,999.5,465.82518745035446,662.5,571,1857,20,0.3701851851851852,0.172527847203835,0.24537037037037038,0.2114814814814815,0.6877777777777778,20,-163.06166518518523,12.340525857354658,-160.0511111111111,-184.70590740740815,-144.46223703703703,20,-185.89330925925927,2.8461947425021683,-185.7724851851852,-192.76639999999998,-181.04077777777778,20,22.831644074074077,10.725765206863061,27.618522222222218,5.407777777777772,37.941022222222266,20,159.99599999999998,41.89739627634207,149.98000000000002,89.87999999999997,240.14000000000001,20,-17.5987,8.425169807904132,-22.73778148148148,-27.446614814814826,-3.6597629629629647,20
18,2700,0.0,2700.0,2700,2700,20,1100.95,426.91148780637496,1418.5,582,1575,20,0.40775925925925927,0.15811536585421296,0.5253703703703704,0.21555555555555556,0.5833333333333334,20,-162.78083796296295,11.477869386754893,-169.90372037037037,-175.77585185185185,-145.08795925925926,20,-184.14598203703702,2.509374202070257,-183.38167222222222,-189.16467407407407,-179.85846296296296,20,21.36514407407407,10.79509868374457,13.903396296296297,10.286644444444445,38.80505925925925,20,166.801,44.97074065141513,151.16999999999996,116.91999999999996,295.14,20,-16.045371111111116,8.236541282384772,-9.844096296296296,-27.847207407407403,-7.7343629629629636,20
19,2700,0.0,2700.0,2700,2700,20,1577.7,368.106692199565,1746.0,640,1810,20,0.5843333333333334,0.13633581192576483,0.6466666666666667,0.23703703703703705,0.6703703703703704,20,-147.20200240740732,5.495452681656885,-149.3218037037037,-153.9427037037037,-134.28372222222222,20,-156.56970759259252,3.6151044686095872,-156.23988148148146,-164.12908148148148,-149.74351851851853,20,9.367705185185185,6.799207097812051,6.226118518518519,5.372881481481483,25.66957037037037,20,119.00399999999999,32.75631146897695,112.57000000000001,86.66,220.65999999999997,20,-7.754908148148152,5.673258117816721,-5.092174074074075,-22.68157037037037,-4.629600000000001,20
20,2700,0.0,2700.0,2700,2700,20,1512.65,605.5083358111943,1743.5,650,2447,20,0.5602407407407407,0.22426234659673866,0.6457407407407407,0.24074074074074073,0.9062962962962963,20,-107.05064518518536,5.479938679807744,-111.09941481481542,-113.1516,-99.4585148148148,20,-116.1430674074075,5.222237319678969,-116.49535185185204,-121.91179629629629,-103.23953703703704,20,9.092422222222226,8.230173834926898,4.611066666666676,0.7068000000000001,21.601074074074074,20,69.777,27.033783367444045,57.71000000000001,42.24000000000001,128.64,20,-8.843324814814817,8.093212369951427,-4.478796296296306,-21.158133333333332,-0.4522370370370376,20
21,2700,0.0,2700.0,2700,2700,20,1526.15,850.002555723712,1393.5,628,2499,20,0.5652407407407407,0.31481576137915257,0.5161111111111111,0.2325925925925926,0.9255555555555556,20,-97.31659018518528,3.3278186624523878,-96.86734074074073,-107.82027037037037,-93.78804444444444,20,-107.94539944444445,8.371030034189518,-113.71069814814814,-116.14215555555589,-97.27372592592593,20,10.628809259259262,9.643705927645417,8.892822222222222,0.5140666666666668,21.271533333333334,20,69.205,27.115583303604897,65.03,32.94,114.0,20,-10.392224444444448,9.58850740828497,-8.77211851851852,-20.936170370370373,-0.3003481481481486,20
22,2700,0.0,2700.0,2700,2700,20,1718.35,876.9333693106486,2387.5,606,2511,20,0.636425925925926,0.3247901367817217,0.8842592592592593,0.22444444444444445,0.93,20,-89.96611833333347,3.314220532966764,-89.36730740740741,-100.88110000000117,-86.64836666666756,20,-98.73179018518526,8.80845000471796,-93.31502407407407,-108.80897037037036,-89.04818148148148,20,8.765671851851852,9.577854430452415,1.3253740740740743,0.7097037037037038,21.48697037037037,20,58.473,26.125946187851767,44.379999999999995,29.0,101.75999999999999,20,-8.663449259259261,9.563143533664006,-1.2119629629629634,-21.36234814814815,-0.6256814814814818,20
23,2700,0.0,2700.0,2700,2700,20,1740.95,949.3879732144338,2503.0,586,2605,20,0.6447962962962963,0.3516251752646051,0.9270370370370371,0.21703703703703703,0.9648148148148148,20,-87.26440500000005,4.717517947589859,-89.36089444444445,-94.18581481481519,-80.84742962962963,20,-96.38539759259261,5.979558330024225,-92.73032962962964,-104.83994074074064,-89.24332592592593,20,9.120992592592591,9.907380596555805,0.9718925925925928,0.3596222222222223,22.012007407407406,20,58.109,24.383010888731526,55.879999999999995,27.120000000000005,94.0,20,-9.092286296296296,9.904430365624409,-0.9387925925925928,-21.982496296296297,-0.33606666666666674,20
