time,sim_hour,clamped_hour,is_drain_period,active_vehicles,min_expected_remaining,total_queue,departed_this_step,arrived_this_step,departed_this_hour,arrivals_bucketed_to_this_departure_hour,throughput_bucketed_to_this_departure_hour,vehicles_still_tracked
60.0,0,0,False,47,112,30,0,0,72,25,25,47
120.0,0,0,False,0,65,0,0,0,80,80,80,0
180.0,0,0,False,4,69,0,0,0,88,84,84,4
240.0,0,0,False,12,77,4,0,0,104,92,92,12
300.0,0,0,False,4,69,0,0,0,112,108,108,4
360.0,0,0,False,12,77,0,0,3,136,124,124,12
420.0,0,0,False,8,73,4,0,0,144,136,136,8
480.0,0,0,False,13,78,4,0,1,168,155,155,13
540.0,0,0,False,8,73,4,0,0,176,168,168,8
600.0,0,0,False,8,73,4,0,0,184,176,176,8
660.0,0,0,False,20,85,13,0,2,208,188,188,20
720.0,0,0,False,8,73,0,0,0,224,216,216,8
780.0,0,0,False,8,73,8,8,0,232,224,224,8
840.0,0,0,False,0,65,0,0,0,232,232,232,0
900.0,0,0,False,12,77,8,0,0,256,244,244,12
960.0,0,0,False,22,87,4,0,0,280,258,258,22
1020.0,0,0,False,4,69,0,0,0,288,284,284,4
1080.0,0,0,False,4,69,0,0,0,296,292,292,4
1140.0,0,0,False,8,73,0,0,0,312,304,304,8
1200.0,0,0,False,4,69,0,0,0,320,316,316,4
1260.0,0,0,False,24,89,8,0,0,344,320,320,24
1320.0,0,0,False,8,73,4,0,0,352,344,344,8
1380.0,0,0,False,12,77,4,0,0,376,364,364,12
1440.0,0,0,False,8,73,4,0,0,384,376,376,8
1500.0,0,0,False,8,73,0,0,0,392,384,384,8
1560.0,0,0,False,16,81,8,0,1,416,400,400,16
1620.0,0,0,False,4,69,4,0,0,432,428,428,4
1680.0,0,0,False,0,65,0,0,0,440,440,440,0
1740.0,0,0,False,0,65,0,0,0,448,448,448,0
1800.0,0,0,False,16,81,4,0,0,472,456,456,16
1860.0,0,0,False,4,69,0,0,0,480,476,476,4
1920.0,0,0,False,12,77,0,0,0,504,492,492,12
1980.0,0,0,False,4,69,0,0,0,512,508,508,4
2040.0,0,0,False,8,73,4,0,0,528,520,520,8
2100.0,0,0,False,8,73,4,0,0,536,528,528,8
2160.0,0,0,False,22,71,7,0,0,560,538,538,22
2220.0,0,0,False,31,80,14,0,2,600,569,569,31
2280.0,0,0,False,8,57,0,0,0,608,600,600,8
2340.0,0,0,False,8,57,0,0,0,616,608,608,8
2400.0,0,0,False,0,49,0,0,0,616,616,616,0
2460.0,0,0,False,0,49,0,0,0,632,632,632,0
2520.0,0,0,False,16,65,10,0,0,656,640,640,16
2580.0,0,0,False,0,49,0,0,0,664,664,664,0
2640.0,0,0,False,4,53,4,0,0,672,668,668,4
2700.0,0,0,False,12,61,0,0,0,696,684,684,12
2760.0,0,0,False,4,53,0,0,0,704,700,700,4
2820.0,0,0,False,20,69,5,0,0,728,708,708,20
2880.0,0,0,False,20,69,8,0,0,744,724,724,20
2940.0,0,0,False,8,57,4,0,0,752,744,744,8
3000.0,0,0,False,8,57,4,0,0,760,752,752,8
3060.0,0,0,False,8,49,2,0,0,776,768,768,8
3120.0,0,0,False,24,73,12,8,0,808,784,784,24
3180.0,0,0,False,12,53,2,0,0,824,812,812,12
3240.0,0,0,False,0,41,0,0,0,824,824,824,0
3300.0,0,0,False,0,41,0,0,1,832,832,832,0
3360.0,0,0,False,0,41,0,0,0,848,848,848,0
3420.0,0,0,False,0,41,0,0,0,856,856,856,0
3480.0,0,0,False,12,37,12,0,0,880,868,868,12
3540.0,0,0,False,20,29,0,0,0,904,884,884,20
3600.0,1,1,False,8,9,0,0,0,0,0,0,8
3660.0,1,1,False,48,113,0,0,0,72,24,24,48
3720.0,1,1,False,8,73,4,0,0,80,72,72,8
3780.0,1,1,False,0,65,0,0,0,80,80,80,0
3840.0,1,1,False,4,69,0,0,0,88,84,84,4
3900.0,1,1,False,8,73,0,0,0,96,88,88,8
3960.0,1,1,False,4,69,4,0,2,104,100,100,4
4020.0,1,1,False,5,70,4,0,2,112,107,107,5
4080.0,1,1,False,16,81,2,2,0,128,112,112,16
4140.0,1,1,False,1,66,0,0,2,136,135,135,1
4200.0,1,1,False,8,73,0,0,0,144,136,136,8
4260.0,1,1,False,0,65,0,0,0,144,144,144,0
4320.0,1,1,False,12,77,12,0,0,168,156,156,12
4380.0,1,1,False,0,65,0,0,0,168,168,168,0
4440.0,1,1,False,4,69,0,0,0,176,172,172,4
4500.0,1,1,False,8,73,0,0,0,184,176,176,8
4560.0,1,1,False,16,81,0,0,0,200,184,184,16
4620.0,1,1,False,16,81,1,0,0,216,200,200,16
4680.0,1,1,False,0,65,0,0,0,216,216,216,0
4740.0,1,1,False,4,69,0,0,0,224,220,220,4
4800.0,1,1,False,8,73,4,0,0,232,224,224,8
4860.0,1,1,False,0,65,0,0,0,232,232,232,0
4920.0,1,1,False,7,72,4,0,1,240,233,233,7
4980.0,1,1,False,8,73,4,0,0,256,248,248,8
5040.0,1,1,False,16,81,2,0,0,280,264,264,16
5100.0,1,1,False,8,73,4,0,0,288,280,280,8
5160.0,1,1,False,0,65,0,0,0,288,288,288,0
5220.0,1,1,False,4,69,4,0,0,296,292,292,4
5280.0,1,1,False,0,65,0,0,0,296,296,296,0
5340.0,1,1,False,0,65,0,0,0,312,312,312,0
5400.0,1,1,False,8,73,1,0,0,320,312,312,8
5460.0,1,1,False,0,65,0,0,0,320,320,320,0
5520.0,1,1,False,20,85,8,0,0,344,324,324,20
5580.0,1,1,False,1,66,0,0,3,344,343,343,1
5640.0,1,1,False,14,79,8,0,0,368,354,354,14
5700.0,1,1,False,8,73,4,0,0,376,368,368,8
5760.0,1,1,False,0,65,0,0,0,376,376,376,0
5820.0,1,1,False,0,65,0,0,2,384,384,384,0
5880.0,1,1,False,8,73,0,0,0,392,384,384,8
5940.0,1,1,False,4,61,4,0,0,400,396,396,4
6000.0,1,1,False,24,81,13,0,0,432,408,408,24
6060.0,1,1,False,0,57,0,0,0,432,432,432,0
6120.0,1,1,False,4,61,4,0,0,440,436,436,4
6180.0,1,1,False,8,65,0,0,0,448,440,440,8
6240.0,1,1,False,0,57,0,0,0,448,448,448,0
6300.0,1,1,False,21,78,1,0,0,472,451,451,21
6360.0,1,1,False,4,61,0,0,0,472,468,468,4
6420.0,1,1,False,4,61,0,0,0,480,476,476,4
6480.0,1,1,False,24,81,10,0,0,504,480,480,24
6540.0,1,1,False,0,57,0,0,0,504,504,504,0
6600.0,1,1,False,8,65,4,0,0,512,504,504,8
6660.0,1,1,False,0,57,0,0,0,520,520,520,0
6720.0,1,1,False,1,58,0,0,1,528,527,527,1
6780.0,1,1,False,8,65,3,0,0,536,528,528,8
6840.0,1,1,False,0,57,0,0,0,536,536,536,0
6900.0,1,1,False,16,57,16,0,0,560,544,544,16
6960.0,1,1,False,13,38,12,0,0,576,563,563,13
7020.0,1,1,False,6,15,0,0,0,600,594,594,6
7080.0,1,1,False,8,17,0,0,0,608,600,600,8
7140.0,1,1,False,0,9,0,0,0,608,608,608,0
7200.0,2,2,False,4,5,0,0,0,0,0,0,4
7260.0,2,2,False,50,99,1,0,1,72,22,22,50
7320.0,2,2,False,0,49,0,0,2,72,72,72,0
7380.0,2,2,False,4,53,0,0,0,80,76,76,4
7440.0,2,2,False,0,49,0,0,0,80,80,80,0
7500.0,2,2,False,4,53,0,0,0,88,84,84,4
7560.0,2,2,False,0,49,0,0,0,88,88,88,0
7620.0,2,2,False,4,53,4,0,0,96,92,92,4
7680.0,2,2,False,0,49,0,0,0,104,104,104,0
7740.0,2,2,False,4,53,4,0,0,112,108,108,4
7800.0,2,2,False,0,49,0,0,0,112,112,112,0
7860.0,2,2,False,14,63,12,0,2,136,122,122,14
7920.0,2,2,False,0,49,0,0,0,136,136,136,0
7980.0,2,2,False,8,57,4,0,0,144,136,136,8
8040.0,2,2,False,0,49,0,0,0,144,144,144,0
8100.0,2,2,False,17,66,0,0,3,168,151,151,17
8160.0,2,2,False,0,49,0,0,0,168,168,168,0
8220.0,2,2,False,8,57,0,0,0,176,168,168,8
8280.0,2,2,False,0,49,0,0,0,176,176,176,0
8340.0,2,2,False,0,49,0,0,0,176,176,176,0
8400.0,2,2,False,0,49,0,0,4,184,184,184,0
8460.0,2,2,False,10,59,8,0,1,200,190,190,10
8520.0,2,2,False,4,53,4,0,2,216,212,212,4
8580.0,2,2,False,0,49,0,0,0,216,216,216,0
8640.0,2,2,False,4,53,4,0,0,224,220,220,4
8700.0,2,2,False,0,49,0,0,0,224,224,224,0
8760.0,2,2,False,4,53,0,0,0,232,228,228,4
8820.0,2,2,False,0,49,0,0,0,232,232,232,0
8880.0,2,2,False,6,55,2,0,0,240,234,234,6
8940.0,2,2,False,16,65,1,0,0,256,240,240,16
9000.0,2,2,False,12,61,4,0,0,264,252,252,12
9060.0,2,2,False,16,65,8,0,0,280,264,264,16
9120.0,2,2,False,8,57,2,0,0,288,280,280,8
9180.0,2,2,False,0,49,0,0,0,288,288,288,0
9240.0,2,2,False,8,57,0,0,0,296,288,288,8
9300.0,2,2,False,0,49,0,0,0,296,296,296,0
9360.0,2,2,False,0,49,0,0,0,296,296,296,0
9420.0,2,2,False,0,49,0,0,0,312,312,312,0
9480.0,2,2,False,0,49,0,0,0,312,312,312,0
9540.0,2,2,False,0,49,0,0,0,320,320,320,0
9600.0,2,2,False,0,49,0,0,0,320,320,320,0
9660.0,2,2,False,20,69,6,0,0,344,324,324,20
9720.0,2,2,False,4,53,0,0,0,344,340,340,4
9780.0,2,2,False,4,53,0,0,0,352,348,348,4
9840.0,2,2,False,12,61,0,0,0,368,356,356,12
9900.0,2,2,False,8,57,4,0,0,376,368,368,8
9960.0,2,2,False,0,49,0,0,0,376,376,376,0
10020.0,2,2,False,8,57,4,0,0,384,376,376,8
10080.0,2,2,False,0,49,0,0,0,384,384,384,0
10140.0,2,2,False,8,57,4,0,0,392,384,384,8
10200.0,2,2,False,4,45,4,0,0,400,396,396,4
10260.0,2,2,False,19,52,11,8,0,424,405,405,19
10320.0,2,2,False,5,30,4,0,1,432,427,427,5
10380.0,2,2,False,0,25,0,0,0,432,432,432,0
10440.0,2,2,False,0,25,0,0,0,440,440,440,0
10500.0,2,2,False,0,25,0,0,0,440,440,440,0
10560.0,2,2,False,4,29,0,0,0,448,444,444,4
10620.0,2,2,False,0,25,0,0,0,448,448,448,0
10680.0,2,2,False,16,25,4,0,0,472,456,456,16
10740.0,2,2,False,4,13,0,0,0,472,468,468,4
10800.0,3,3,False,4,5,0,0,0,0,0,0,4
10860.0,3,3,False,39,80,4,0,3,72,33,33,39
10920.0,3,3,False,0,41,0,0,0,72,72,72,0
10980.0,3,3,False,8,49,3,0,0,80,72,72,8
11040.0,3,3,False,0,41,0,0,0,80,80,80,0
11100.0,3,3,False,0,41,0,0,0,80,80,80,0
11160.0,3,3,False,4,45,4,0,1,88,84,84,4
11220.0,3,3,False,0,41,0,0,0,88,88,88,0
11280.0,3,3,False,0,41,0,0,0,88,88,88,0
11340.0,3,3,False,4,45,4,0,0,96,92,92,4
11400.0,3,3,False,4,45,0,0,0,104,100,100,4
11460.0,3,3,False,0,41,0,0,0,104,104,104,0
11520.0,3,3,False,4,45,0,0,0,112,108,108,4
11580.0,3,3,False,0,41,0,0,0,112,112,112,0
11640.0,3,3,False,19,60,0,0,1,136,117,117,19
11700.0,3,3,False,0,41,0,0,0,136,136,136,0
11760.0,3,3,False,0,41,0,0,0,136,136,136,0
11820.0,3,3,False,8,49,4,0,0,144,136,136,8
11880.0,3,3,False,0,41,0,0,0,144,144,144,0
11940.0,3,3,False,16,57,0,0,0,160,144,144,16
12000.0,3,3,False,8,49,8,0,0,168,160,160,8
12060.0,3,3,False,0,41,0,0,0,168,168,168,0
12120.0,3,3,False,0,41,0,0,0,168,168,168,0
12180.0,3,3,False,3,44,3,0,0,176,173,173,3
12240.0,3,3,False,0,41,0,0,0,176,176,176,0
12300.0,3,3,False,8,49,8,8,0,184,176,176,8
12360.0,3,3,False,0,41,0,0,0,184,184,184,0
12420.0,3,3,False,16,57,8,0,0,200,184,184,16
12480.0,3,3,False,12,53,4,0,0,208,196,196,12
12540.0,3,3,False,2,43,0,0,1,216,214,214,2
12600.0,3,3,False,0,41,0,0,0,216,216,216,0
12660.0,3,3,False,8,49,4,0,0,224,216,216,8
12720.0,3,3,False,0,41,0,0,0,224,224,224,0
12780.0,3,3,False,0,41,0,0,0,224,224,224,0
12840.0,3,3,False,1,42,1,0,0,232,231,231,1
12900.0,3,3,False,0,41,0,0,0,232,232,232,0
12960.0,3,3,False,0,41,0,0,0,232,232,232,0
13020.0,3,3,False,0,41,0,0,0,240,240,240,0
13080.0,3,3,False,14,55,8,0,1,256,242,242,14
13140.0,3,3,False,12,53,0,0,0,264,252,252,12
13200.0,3,3,False,0,41,0,0,0,264,264,264,0
13260.0,3,3,False,4,45,0,0,0,280,276,276,4
13320.0,3,3,False,8,49,4,0,0,288,280,280,8
13380.0,3,3,False,0,41,0,0,0,288,288,288,0
13440.0,3,3,False,0,41,0,0,0,288,288,288,0
13500.0,3,3,False,4,45,0,0,0,296,292,292,4
13560.0,3,3,False,0,41,0,0,0,296,296,296,0
13620.0,3,3,False,0,41,0,0,0,296,296,296,0
13680.0,3,3,False,0,41,0,0,1,312,312,312,0
13740.0,3,3,False,0,41,0,0,0,312,312,312,0
13800.0,3,3,False,8,49,0,0,0,320,312,312,8
13860.0,3,3,False,0,41,0,0,0,320,320,320,0
13920.0,3,3,False,0,41,0,0,0,320,320,320,0
13980.0,3,3,False,8,49,0,0,0,328,320,320,8
14040.0,3,3,False,12,37,0,0,0,344,332,332,12
14100.0,3,3,False,0,25,0,0,0,344,344,344,0
14160.0,3,3,False,4,29,0,0,0,352,348,348,4
14220.0,3,3,False,10,19,4,0,2,368,358,358,10
14280.0,3,3,False,1,10,0,0,3,368,367,367,1
14340.0,3,3,False,4,5,0,0,0,376,372,372,4
14400.0,4,4,False,0,1,0,0,0,0,0,0,0
14460.0,4,4,False,42,107,8,0,0,72,30,30,42
14520.0,4,4,False,8,73,0,0,0,80,72,72,8
14580.0,4,4,False,0,65,0,0,0,80,80,80,0
14640.0,4,4,False,8,73,4,0,0,88,80,80,8
14700.0,4,4,False,0,65,0,0,0,88,88,88,0
14760.0,4,4,False,4,69,4,0,0,96,92,92,4
14820.0,4,4,False,0,65,0,0,0,104,104,104,0
14880.0,4,4,False,4,69,0,0,0,112,108,108,4
14940.0,4,4,False,16,81,5,0,0,128,112,112,16
15000.0,4,4,False,8,73,0,0,0,136,128,128,8
15060.0,4,4,False,8,73,0,0,0,144,136,136,8
15120.0,4,4,False,0,65,0,0,0,144,144,144,0
15180.0,4,4,False,15,80,5,0,0,168,153,153,15
15240.0,4,4,False,0,65,0,0,0,168,168,168,0
15300.0,4,4,False,5,70,4,0,3,176,171,171,5
15360.0,4,4,False,0,65,0,0,0,176,176,176,0
15420.0,4,4,False,4,69,4,0,0,184,180,180,4
15480.0,4,4,False,13,78,12,0,1,200,187,187,13
15540.0,4,4,False,5,70,5,0,0,216,211,211,5
15600.0,4,4,False,0,65,0,0,0,216,216,216,0
15660.0,4,4,False,0,65,0,0,0,224,224,224,0
15720.0,4,4,False,8,73,0,0,0,232,224,224,8
15780.0,4,4,False,0,65,0,0,0,232,232,232,0
15840.0,4,4,False,8,73,4,0,0,240,232,232,8
15900.0,4,4,False,16,81,3,0,0,256,240,240,16
15960.0,4,4,False,12,77,4,0,0,264,252,252,12
16020.0,4,4,False,8,73,0,0,4,280,272,272,8
16080.0,4,4,False,5,70,1,0,0,288,283,283,5
16140.0,4,4,False,0,65,0,0,0,288,288,288,0
16200.0,4,4,False,4,69,0,0,0,296,292,292,4
16260.0,4,4,False,0,65,0,0,0,296,296,296,0
16320.0,4,4,False,0,65,0,0,1,312,312,312,0
16380.0,4,4,False,8,73,0,0,0,320,312,312,8
16440.0,4,4,False,0,65,0,0,0,320,320,320,0
16500.0,4,4,False,8,73,4,0,0,328,320,320,8
16560.0,4,4,False,4,69,4,0,0,344,340,340,4
16620.0,4,4,False,4,69,0,0,0,352,348,348,4
16680.0,4,4,False,8,73,0,0,0,368,360,360,8
16740.0,4,4,False,4,69,0,0,0,376,372,372,4
16800.0,4,4,False,0,65,0,0,0,376,376,376,0
16860.0,4,4,False,4,69,0,0,0,384,380,380,4
16920.0,4,4,False,8,73,0,0,0,392,384,384,8
16980.0,4,4,False,4,61,1,0,0,400,396,396,4
17040.0,4,4,False,24,81,2,0,0,432,408,408,24
17100.0,4,4,False,0,57,0,0,0,432,432,432,0
17160.0,4,4,False,8,65,4,0,0,440,432,432,8
17220.0,4,4,False,0,57,0,0,0,440,440,440,0
17280.0,4,4,False,4,61,4,0,0,448,444,444,4
17340.0,4,4,False,0,57,0,0,0,448,448,448,0
17400.0,4,4,False,16,65,12,0,0,472,456,456,16
17460.0,4,4,False,4,53,0,0,0,472,468,468,4
17520.0,4,4,False,2,51,0,0,0,480,478,478,2
17580.0,4,4,False,24,57,5,0,0,504,480,480,24
17640.0,4,4,False,2,35,0,0,0,504,502,502,2
17700.0,4,4,False,8,41,4,0,0,512,504,504,8
17760.0,4,4,False,8,33,4,0,0,520,512,512,8
17820.0,4,4,False,8,33,4,0,0,528,520,520,8
17880.0,4,4,False,0,25,0,0,0,528,528,528,0
17940.0,4,4,False,8,25,4,0,0,536,528,528,8
18000.0,5,5,False,16,17,6,0,0,0,0,0,16
18060.0,5,5,False,59,124,25,0,0,80,29,29,59
18120.0,5,5,False,7,72,7,0,0,88,81,81,7
18180.0,5,5,False,12,77,4,0,0,112,100,100,12
18240.0,5,5,False,22,87,16,0,2,136,114,114,22
18300.0,5,5,False,4,69,4,0,0,144,140,140,4
18360.0,5,5,False,15,80,0,0,0,176,161,161,15
18420.0,5,5,False,8,73,4,0,0,184,176,176,8
18480.0,5,5,False,15,80,0,0,0,216,201,201,15
18540.0,5,5,False,12,77,0,0,0,232,220,220,12
18600.0,5,5,False,8,73,4,0,0,240,232,232,8
18660.0,5,5,False,24,89,9,0,0,280,256,256,24
18720.0,5,5,False,8,73,4,0,2,296,288,288,8
18780.0,5,5,False,8,73,4,0,0,312,304,304,8
18840.0,5,5,False,9,74,8,8,3,328,319,319,9
18900.0,5,5,False,16,81,8,0,0,352,336,336,16
18960.0,5,5,False,8,73,4,0,1,376,368,368,8
19020.0,5,5,False,8,73,0,0,0,392,384,384,8
19080.0,5,5,False,32,97,20,0,0,432,400,400,32
19140.0,5,5,False,4,69,4,0,0,440,436,436,4
19200.0,5,5,False,16,81,8,8,0,464,448,448,16
19260.0,5,5,False,9,74,0,0,3,480,471,471,9
19320.0,5,5,False,16,81,0,0,0,504,488,488,16
19380.0,5,5,False,15,80,4,0,0,528,513,513,15
19440.0,5,5,False,8,73,4,0,0,536,528,528,8
19500.0,5,5,False,40,105,12,8,2,584,544,544,40
19560.0,5,5,False,18,83,6,0,2,608,590,590,18
19620.0,5,5,False,8,73,4,0,0,616,608,608,8
19680.0,5,5,False,12,77,0,0,0,640,628,628,12
19740.0,5,5,False,15,80,6,0,1,664,649,649,15
19800.0,5,5,False,12,77,12,8,0,680,668,668,12
19860.0,5,5,False,12,77,2,0,0,704,692,692,12
19920.0,5,5,False,24,89,5,0,0,728,704,704,24
19980.0,5,5,False,8,73,8,0,0,744,736,736,8
20040.0,5,5,False,8,73,0,0,0,760,752,752,8
20100.0,5,5,False,17,82,8,8,1,784,767,767,17
20160.0,5,5,False,20,85,0,0,0,816,796,796,20
20220.0,5,5,False,8,73,4,0,0,832,824,824,8
20280.0,5,5,False,9,74,1,0,0,848,839,839,9
20340.0,5,5,False,26,93,6,6,0,878,852,852,26
20400.0,5,5,False,19,84,4,0,1,896,877,877,19
20460.0,5,5,False,12,77,5,0,0,912,900,900,12
20520.0,5,5,False,12,77,0,0,0,928,916,916,12
20580.0,5,5,False,22,87,12,0,0,960,938,938,22
20640.0,5,5,False,4,69,4,0,1,968,964,964,4
20700.0,5,5,False,16,81,0,0,0,992,976,976,16
20760.0,5,5,False,16,89,15,8,3,1016,1000,1000,16
20820.0,5,5,False,8,73,8,0,0,1032,1024,1024,8
20880.0,5,5,False,12,77,8,0,0,1056,1044,1044,12
20940.0,5,5,False,20,69,4,0,0,1080,1060,1060,20
21000.0,5,5,False,24,73,0,0,0,1112,1088,1088,24
21060.0,5,5,False,13,62,4,0,0,1136,1123,1123,13
21120.0,5,5,False,8,49,0,0,0,1152,1144,1144,8
21180.0,5,5,False,15,56,0,0,1,1176,1161,1161,15
21240.0,5,5,False,9,50,4,0,5,1200,1191,1191,9
21300.0,5,5,False,14,55,2,0,0,1216,1202,1202,14
21360.0,5,5,False,16,49,0,0,0,1240,1224,1224,16
21420.0,5,5,False,24,41,15,0,0,1264,1240,1240,24
21480.0,5,5,False,7,24,7,0,1,1280,1273,1273,7
21540.0,5,5,False,8,25,0,0,0,1296,1288,1288,8
21600.0,6,6,False,12,13,4,0,0,0,0,0,12
21660.0,6,6,False,53,126,28,0,3,88,35,35,53
21720.0,6,6,False,36,109,27,8,0,144,108,108,36
21780.0,6,6,False,28,101,22,8,0,184,156,156,28
21840.0,6,6,False,32,105,4,0,0,232,200,200,32
21900.0,6,6,False,48,121,9,0,0,288,240,240,48
21960.0,6,6,False,28,101,3,0,0,320,292,292,28
22020.0,6,6,False,48,121,11,0,0,376,328,328,48
22080.0,6,6,False,52,127,17,6,2,430,378,378,52
22140.0,6,6,False,31,104,12,8,0,464,433,433,31
22200.0,6,6,False,37,110,12,0,0,512,475,475,37
22260.0,6,6,False,36,109,4,0,0,560,524,524,36
22320.0,6,6,False,40,113,8,0,1,616,576,576,40
22380.0,6,6,False,30,103,12,0,2,664,634,634,30
22440.0,6,6,False,28,101,12,0,2,704,676,676,28
22500.0,6,6,False,26,99,14,0,1,752,726,726,26
22560.0,6,6,False,48,121,17,0,1,816,768,768,48
22620.0,6,6,False,32,105,14,0,0,848,816,816,32
22680.0,6,6,False,36,109,7,0,1,896,860,860,36
22740.0,6,6,False,20,93,0,0,0,928,908,908,20
22800.0,6,6,False,24,97,0,0,0,976,952,952,24
22860.0,6,6,False,44,117,7,0,0,1032,988,988,44
22920.0,6,6,False,39,112,11,0,2,1080,1041,1041,39
22980.0,6,6,False,56,129,9,0,3,1144,1088,1088,56
23040.0,6,6,False,44,117,9,0,0,1192,1148,1148,44
23100.0,6,6,False,33,106,16,0,1,1232,1199,1199,33
23160.0,6,6,False,40,113,15,0,0,1280,1240,1240,40
23220.0,6,6,False,26,99,8,0,2,1312,1286,1286,26
23280.0,6,6,False,31,104,12,0,1,1360,1329,1329,31
23340.0,6,6,False,28,101,18,0,0,1408,1380,1380,28
23400.0,6,6,False,20,93,13,0,0,1448,1428,1428,20
23460.0,6,6,False,25,98,17,0,2,1504,1479,1479,25
23520.0,6,6,False,40,113,28,0,0,1560,1520,1520,40
23580.0,6,6,False,33,106,4,0,0,1608,1575,1575,33
23640.0,6,6,False,40,113,7,0,0,1664,1624,1624,40
23700.0,6,6,False,35,113,8,3,0,1707,1672,1672,35
23760.0,6,6,False,24,97,4,0,0,1744,1720,1720,24
23820.0,6,6,False,37,110,8,0,0,1792,1755,1755,37
23880.0,6,6,False,12,85,4,0,0,1824,1812,1812,12
23940.0,6,6,False,35,108,5,0,2,1888,1853,1853,35
24000.0,6,6,False,36,109,20,8,0,1944,1908,1908,36
24060.0,6,6,False,27,100,16,8,3,1984,1957,1957,27
24120.0,6,6,False,41,114,18,0,2,2032,1991,1991,41
24180.0,6,6,False,51,125,19,3,0,2087,2036,2036,51
24240.0,6,6,False,50,123,26,0,2,2136,2086,2086,50
24300.0,6,6,False,39,112,18,0,1,2184,2145,2145,39
24360.0,6,6,False,30,103,12,0,3,2224,2194,2194,30
24420.0,6,6,False,25,98,3,0,3,2272,2247,2247,25
24480.0,6,6,False,41,114,3,0,0,2328,2287,2287,41
24540.0,6,6,False,24,97,4,0,0,2360,2336,2336,24
24600.0,6,6,False,44,117,4,0,0,2416,2372,2372,44
24660.0,6,6,False,39,112,4,0,1,2464,2425,2425,39
24720.0,6,6,False,34,107,12,0,4,2504,2470,2470,34
24780.0,6,6,False,44,109,12,0,2,2560,2516,2516,44
24840.0,6,6,False,34,91,7,0,0,2600,2566,2566,34
24900.0,6,6,False,46,87,11,0,0,2664,2618,2618,46
24960.0,6,6,False,33,74,16,0,2,2712,2679,2679,33
25020.0,6,6,False,23,64,4,0,0,2752,2729,2729,23
25080.0,6,6,False,18,59,6,0,0,2800,2782,2782,18
25140.0,6,6,False,37,54,16,0,0,2856,2819,2819,37
25200.0,7,7,False,16,17,10,0,2,0,0,0,16
25260.0,7,7,False,87,162,53,6,4,126,39,39,87
25320.0,7,7,False,60,133,14,2,0,200,140,140,60
25380.0,7,7,False,60,133,13,0,0,280,220,220,60
25440.0,7,7,False,52,125,5,0,1,344,292,292,52
25500.0,7,7,False,68,141,10,0,0,432,364,364,68
25560.0,7,7,False,58,131,9,0,3,504,446,446,58
25620.0,7,7,False,82,155,17,0,0,600,518,518,82
25680.0,7,7,False,56,129,18,0,1,664,608,608,56
25740.0,7,7,False,61,134,16,0,1,744,683,683,61
25800.0,7,7,False,65,138,27,0,1,824,759,759,65
25860.0,7,7,False,61,134,18,0,1,904,843,843,61
25920.0,7,7,False,54,127,22,0,0,968,914,914,54
25980.0,7,7,False,60,133,25,0,1,1048,988,988,60
26040.0,7,7,False,78,151,36,0,4,1144,1066,1066,78
26100.0,7,7,False,51,124,28,0,1,1208,1157,1157,51
26160.0,7,7,False,49,122,16,0,2,1288,1239,1239,49
26220.0,7,7,False,50,123,10,0,1,1360,1310,1310,50
26280.0,7,7,False,54,127,9,0,0,1440,1386,1386,54
26340.0,7,7,False,58,131,5,0,0,1512,1454,1454,58
26400.0,7,7,False,72,145,14,0,0,1608,1536,1536,72
26460.0,7,7,False,63,136,12,0,4,1680,1617,1617,63
26520.0,7,7,False,59,132,10,0,3,1760,1701,1701,59
26580.0,7,7,False,45,118,12,0,2,1824,1779,1779,45
26640.0,7,7,False,60,133,12,0,0,1912,1852,1852,60
26700.0,7,7,False,51,124,18,0,1,1984,1933,1933,51
26760.0,7,7,False,55,128,19,8,2,2064,2009,2009,55
26820.0,7,7,False,65,138,29,0,1,2144,2079,2079,65
26880.0,7,7,False,61,134,18,0,3,2232,2171,2171,61
26940.0,7,7,False,69,144,30,6,2,2318,2249,2249,69
27000.0,7,7,False,53,127,23,1,0,2383,2330,2330,53
27060.0,7,7,False,57,130,8,1,3,2464,2407,2407,57
27120.0,7,7,False,68,133,4,0,0,2544,2476,2476,68
27180.0,7,7,False,91,158,15,3,1,2646,2555,2555,91
27240.0,7,7,False,73,138,10,0,0,2712,2639,2639,73
27300.0,7,7,False,68,133,16,0,1,2792,2724,2724,68
27360.0,7,7,False,58,123,19,0,1,2864,2806,2806,58
27420.0,7,7,False,67,132,15,0,2,2944,2877,2877,67
27480.0,7,7,False,61,126,21,0,0,3016,2955,2955,61
27540.0,7,7,False,61,126,19,0,2,3096,3035,3035,61
27600.0,7,7,False,75,140,40,0,3,3184,3109,3109,75
27660.0,7,7,False,61,126,22,0,1,3256,3195,3195,61
27720.0,7,7,False,65,130,31,0,2,3336,3271,3271,65
27780.0,7,7,False,60,128,31,5,0,3413,3353,3353,60
27840.0,7,7,False,52,117,38,8,0,3488,3436,3436,52
27900.0,7,7,False,49,114,31,8,1,3552,3503,3503,49
27960.0,7,7,False,55,120,15,8,1,3632,3577,3577,55
28020.0,7,7,False,76,141,15,8,1,3728,3652,3652,76
28080.0,7,7,False,61,126,18,8,0,3808,3747,3747,61
28140.0,7,7,False,43,108,6,0,1,3864,3821,3821,43
28200.0,7,7,False,51,116,9,0,2,3944,3893,3893,51
28260.0,7,7,False,43,108,15,0,4,4016,3973,3973,43
28320.0,7,7,False,59,124,12,0,2,4104,4045,4045,59
28380.0,7,7,False,62,127,29,0,0,4184,4122,4122,62
28440.0,7,7,False,59,124,16,0,1,4264,4205,4205,59
28500.0,7,7,False,49,114,22,0,1,4336,4287,4287,49
28560.0,7,7,False,48,105,18,0,3,4416,4368,4368,48
28620.0,7,7,False,56,115,22,6,2,4502,4446,4446,56
28680.0,7,7,False,57,118,30,5,0,4580,4523,4523,57
28740.0,7,7,False,60,109,25,0,0,4656,4596,4596,60
28800.0,8,8,False,70,71,9,0,1,0,0,0,70
28860.0,8,8,False,114,187,22,0,1,136,29,29,114
28920.0,8,8,False,93,166,18,0,2,216,123,123,93
28980.0,8,8,False,72,145,16,0,1,296,224,224,72
29040.0,8,8,False,68,141,28,8,3,384,316,316,68
29100.0,8,8,False,73,146,13,0,1,472,399,399,73
29160.0,8,8,False,64,142,26,5,1,555,491,491,64
29220.0,8,8,False,89,164,22,6,3,654,565,565,89
29280.0,8,8,False,73,146,20,0,3,736,663,663,73
29340.0,8,8,False,68,141,29,0,2,824,756,756,68
29400.0,8,8,False,67,140,22,0,0,912,845,845,67
29460.0,8,8,False,53,126,28,0,2,976,923,923,53
29520.0,8,8,False,69,142,23,0,4,1080,1011,1011,69
29580.0,8,8,False,76,149,38,0,3,1168,1092,1092,76
29640.0,8,8,False,69,145,21,5,2,1261,1192,1192,69
29700.0,8,8,False,61,134,16,0,0,1344,1283,1283,61
29760.0,8,8,False,68,141,20,8,4,1424,1356,1356,68
29820.0,8,8,False,58,131,9,0,0,1504,1446,1446,58
29880.0,8,8,False,82,155,12,0,3,1608,1526,1526,82
29940.0,8,8,False,66,139,11,0,2,1680,1614,1614,66
30000.0,8,8,False,58,131,18,0,4,1768,1710,1710,58
30060.0,8,8,False,68,149,16,4,0,1864,1796,1796,68
30120.0,8,8,False,67,140,21,0,0,1944,1877,1877,67
30180.0,8,8,False,69,142,34,8,1,2032,1963,1963,69
30240.0,8,8,False,81,154,36,0,1,2128,2047,2047,81
30300.0,8,8,False,74,147,39,0,3,2208,2134,2134,74
30360.0,8,8,False,69,142,21,0,0,2296,2227,2227,69
30420.0,8,8,False,62,143,35,8,2,2376,2314,2314,62
30480.0,8,8,False,58,131,22,0,0,2464,2406,2406,58
30540.0,8,8,False,74,147,20,0,1,2560,2486,2486,74
30600.0,8,8,False,90,163,22,0,1,2656,2566,2566,90
30660.0,8,8,False,77,150,17,0,0,2744,2667,2667,77
30720.0,8,8,False,57,130,4,0,1,2816,2759,2759,57
30780.0,8,8,False,57,130,8,0,2,2896,2839,2839,57
30840.0,8,8,False,75,148,14,2,3,3000,2925,2925,75
30900.0,8,8,False,62,135,16,0,2,3080,3018,3018,62
30960.0,8,8,False,81,154,37,0,0,3176,3095,3095,81
31020.0,8,8,False,75,148,23,0,2,3264,3189,3189,75
31080.0,8,8,False,61,134,30,0,1,3336,3275,3275,61
31140.0,8,8,False,61,134,22,0,1,3424,3363,3363,61
31200.0,8,8,False,55,132,26,4,2,3508,3453,3453,55
31260.0,8,8,False,64,137,22,0,3,3600,3536,3536,64
31320.0,8,8,False,97,170,44,8,0,3712,3615,3615,97
31380.0,8,8,False,69,142,22,0,2,3776,3707,3707,69
31440.0,8,8,False,59,132,9,0,3,3864,3805,3805,59
31500.0,8,8,False,62,135,1,0,1,3944,3882,3882,62
31560.0,8,8,False,57,130,11,0,0,4024,3967,3967,57
31620.0,8,8,False,70,151,20,8,1,4120,4050,4050,70
31680.0,8,8,False,85,158,12,4,3,4224,4139,4139,85
31740.0,8,8,False,64,137,17,0,3,4296,4232,4232,64
31800.0,8,8,False,63,136,22,0,4,4384,4321,4321,63
31860.0,8,8,False,62,135,24,0,0,4464,4402,4402,62
31920.0,8,8,False,63,136,23,0,1,4552,4489,4489,63
31980.0,8,8,False,54,127,20,8,1,4632,4578,4578,54
32040.0,8,8,False,83,157,31,2,3,4735,4652,4652,83
32100.0,8,8,False,78,151,29,0,0,4824,4746,4746,78
32160.0,8,8,False,69,142,28,0,1,4912,4843,4843,69
32220.0,8,8,False,64,129,44,8,1,4992,4928,4928,64
32280.0,8,8,False,70,135,14,0,1,5080,5010,5010,70
32340.0,8,8,False,63,120,18,8,1,5160,5097,5097,63
32400.0,9,9,False,71,72,6,0,1,0,0,0,71
32460.0,9,9,False,107,182,21,6,0,126,25,25,107
32520.0,9,9,False,84,157,17,2,3,200,116,116,84
32580.0,9,9,False,68,141,14,0,2,280,212,212,68
32640.0,9,9,False,46,119,10,0,2,344,298,298,46
32700.0,9,9,False,65,138,21,0,2,432,367,367,65
32760.0,9,9,False,54,127,21,0,2,504,450,450,54
32820.0,9,9,False,77,150,27,0,1,600,523,523,77
32880.0,9,9,False,64,137,28,0,1,664,600,600,64
32940.0,9,9,False,53,126,24,0,3,744,691,691,53
33000.0,9,9,False,51,124,32,0,3,824,773,773,51
33060.0,9,9,False,54,127,27,0,2,904,850,850,54
33120.0,9,9,False,46,119,20,0,2,968,922,922,46
33180.0,9,9,False,57,130,18,8,2,1056,999,999,57
33240.0,9,9,False,80,153,18,8,0,1152,1072,1072,80
33300.0,9,9,False,68,145,16,8,0,1228,1160,1160,68
33360.0,9,9,False,52,125,16,8,2,1296,1244,1244,52
33420.0,9,9,False,56,133,13,4,1,1372,1316,1316,56
33480.0,9,9,False,54,127,25,8,3,1448,1394,1394,54
33540.0,9,9,False,48,121,19,8,3,1520,1472,1472,48
33600.0,9,9,False,72,145,35,8,0,1616,1544,1544,72
33660.0,9,9,False,58,131,28,8,2,1688,1630,1630,58
33720.0,9,9,False,60,133,29,8,2,1768,1708,1708,60
33780.0,9,9,False,44,117,26,8,3,1832,1788,1788,44
33840.0,9,9,False,59,132,31,8,4,1920,1861,1861,59
33900.0,9,9,False,50,132,29,7,2,1999,1949,1949,50
33960.0,9,9,False,54,136,21,1,0,2079,2025,2025,54
34020.0,9,9,False,77,150,17,1,1,2168,2091,2091,77
34080.0,9,9,False,74,147,8,0,2,2256,2182,2182,74
34140.0,9,9,False,68,141,10,0,1,2328,2260,2260,68
34200.0,9,9,False,74,147,13,0,0,2408,2334,2334,74
34260.0,9,9,False,59,132,12,0,1,2472,2413,2413,59
34320.0,9,9,False,74,139,17,0,1,2560,2486,2486,74
34380.0,9,9,False,86,151,35,0,3,2656,2570,2570,86
34440.0,9,9,False,72,137,25,4,1,2728,2656,2656,72
34500.0,9,9,False,61,126,26,0,1,2800,2739,2739,61
34560.0,9,9,False,63,131,33,5,2,2877,2814,2814,63
34620.0,9,9,False,67,134,36,6,3,2958,2891,2891,67
34680.0,9,9,False,51,116,25,0,1,3024,2973,2973,51
34740.0,9,9,False,58,123,29,0,1,3104,3046,3046,58
34800.0,9,9,False,74,139,40,0,0,3192,3118,3118,74
34860.0,9,9,False,55,120,20,0,3,3272,3217,3217,55
34920.0,9,9,False,58,123,9,0,0,3344,3286,3286,58
34980.0,9,9,False,56,121,7,0,0,3424,3368,3368,56
35040.0,9,9,False,56,121,10,0,0,3496,3440,3440,56
35100.0,9,9,False,62,127,11,0,0,3576,3514,3514,62
35160.0,9,9,False,62,127,12,0,2,3656,3594,3594,62
35220.0,9,9,False,72,137,11,0,2,3744,3672,3672,72
35280.0,9,9,False,52,117,14,0,0,3816,3764,3764,52
35340.0,9,9,False,59,124,11,0,0,3896,3837,3837,59
35400.0,9,9,False,64,133,22,4,2,3972,3908,3908,64
35460.0,9,9,False,74,143,24,4,2,4060,3986,3986,74
35520.0,9,9,False,69,134,22,0,2,4136,4067,4067,69
35580.0,9,9,False,75,140,27,2,0,4224,4149,4149,75
35640.0,9,9,False,67,132,25,0,2,4296,4229,4229,67
35700.0,9,9,False,57,122,25,0,2,4376,4319,4319,57
35760.0,9,9,False,63,120,16,0,1,4456,4393,4393,63
35820.0,9,9,False,53,110,6,0,0,4520,4467,4467,53
35880.0,9,9,False,63,120,14,0,0,4600,4537,4537,63
35940.0,9,9,False,75,116,13,0,0,4688,4613,4613,75
36000.0,10,10,False,74,75,19,0,2,0,0,0,74
36060.0,10,10,False,93,166,28,0,2,112,23,23,93
36120.0,10,10,False,55,128,15,0,0,184,129,129,55
36180.0,10,10,False,60,133,10,0,2,264,204,204,60
36240.0,10,10,False,44,117,19,0,0,320,276,276,44
36300.0,10,10,False,52,125,16,0,0,400,348,348,52
36360.0,10,10,False,55,128,21,0,3,480,425,425,55
36420.0,10,10,False,56,134,27,5,1,555,499,499,56
36480.0,10,10,False,65,138,29,0,1,632,567,567,65
36540.0,10,10,False,47,120,25,0,0,704,657,657,47
36600.0,10,10,False,48,121,11,0,0,776,728,728,48
36660.0,10,10,False,48,121,5,0,0,848,800,800,48
36720.0,10,10,False,46,119,4,0,1,920,874,874,46
36780.0,10,10,False,59,133,8,4,0,999,940,940,59
36840.0,10,10,False,70,143,12,0,2,1080,1010,1010,70
36900.0,10,10,False,63,136,12,0,3,1152,1089,1089,63
36960.0,10,10,False,56,129,8,0,2,1232,1176,1176,56
37020.0,10,10,False,44,117,12,0,1,1296,1252,1252,44
37080.0,10,10,False,54,131,18,4,0,1372,1318,1318,54
37140.0,10,10,False,50,123,21,0,3,1440,1390,1390,50
37200.0,10,10,False,47,120,20,0,0,1512,1465,1465,47
37260.0,10,10,False,73,146,24,0,0,1608,1535,1535,73
37320.0,10,10,False,58,131,36,0,1,1672,1614,1614,58
37380.0,10,10,False,38,111,22,0,0,1736,1698,1698,38
37440.0,10,10,False,53,126,31,0,2,1816,1763,1763,53
37500.0,10,10,False,62,135,15,0,1,1896,1834,1834,62
37560.0,10,10,False,52,125,4,0,1,1968,1916,1916,52
37620.0,10,10,False,46,119,4,0,2,2032,1986,1986,46
37680.0,10,10,False,74,147,17,0,0,2120,2046,2046,74
37740.0,10,10,False,75,148,22,8,0,2200,2125,2125,75
37800.0,10,10,False,52,125,9,0,0,2264,2212,2212,52
37860.0,10,10,False,58,131,14,0,1,2344,2286,2286,58
37920.0,10,10,False,60,133,28,0,0,2416,2356,2356,60
37980.0,10,10,False,44,117,22,0,2,2472,2428,2428,44
38040.0,10,10,False,66,131,27,0,1,2560,2494,2494,66
38100.0,10,10,False,77,142,37,0,3,2656,2579,2579,77
38160.0,10,10,False,57,122,29,4,0,2728,2671,2671,57
38220.0,10,10,False,49,114,27,0,1,2792,2743,2743,49
38280.0,10,10,False,52,117,29,0,0,2864,2812,2812,52
38340.0,10,10,False,56,121,16,0,0,2944,2888,2888,56
38400.0,10,10,False,60,125,18,8,0,3016,2956,2956,60
38460.0,10,10,False,60,125,10,0,0,3088,3028,3028,60
38520.0,10,10,False,76,141,22,0,1,3176,3100,3100,76
38580.0,10,10,False,66,131,13,0,2,3240,3174,3174,66
38640.0,10,10,False,58,123,12,0,2,3312,3254,3254,58
38700.0,10,10,False,53,118,16,0,3,3392,3339,3339,53
38760.0,10,10,False,56,121,21,8,1,3464,3408,3408,56
38820.0,10,10,False,58,123,15,0,1,3536,3478,3478,58
38880.0,10,10,False,49,114,17,0,0,3600,3551,3551,49
38940.0,10,10,False,82,151,21,2,1,3700,3618,3618,82
39000.0,10,10,False,76,141,23,0,1,3768,3692,3692,76
39060.0,10,10,False,54,119,24,8,1,3840,3786,3786,54
39120.0,10,10,False,56,121,14,0,1,3912,3856,3856,56
39180.0,10,10,False,55,120,24,0,5,3976,3921,3921,55
39240.0,10,10,False,68,134,17,7,0,4063,3995,3995,68
39300.0,10,10,False,59,124,13,2,1,4128,4069,4069,59
39360.0,10,10,False,66,117,4,0,0,4206,4140,4140,66
39420.0,10,10,False,73,124,20,6,1,4286,4213,4213,73
39480.0,10,10,False,55,112,21,8,3,4352,4297,4297,55
39540.0,10,10,False,49,90,10,0,1,4416,4367,4367,49
39600.0,11,11,False,46,47,12,0,0,0,0,0,46
39660.0,11,11,False,92,167,32,6,0,126,34,34,92
39720.0,11,11,False,70,143,20,0,0,200,130,130,70
39780.0,11,11,False,65,138,19,0,2,280,215,215,65
39840.0,11,11,False,50,123,20,8,1,352,302,302,50
39900.0,11,11,False,67,140,34,8,3,440,373,373,67
39960.0,11,11,False,55,128,34,8,3,512,457,457,55
40020.0,11,11,False,80,153,37,0,1,608,528,528,80
40080.0,11,11,False,64,137,21,0,0,672,608,608,64
40140.0,11,11,False,60,133,15,0,1,752,692,692,60
40200.0,11,11,False,65,138,9,0,0,832,767,767,65
40260.0,11,11,False,63,136,12,0,0,912,849,849,63
40320.0,11,11,False,53,126,10,0,1,976,923,923,53
40380.0,11,11,False,58,131,9,0,3,1056,998,998,58
40440.0,11,11,False,73,146,19,0,4,1152,1079,1079,73
40500.0,11,11,False,62,135,12,0,3,1232,1170,1170,62
40560.0,11,11,False,53,126,19,0,1,1296,1243,1243,53
40620.0,11,11,False,56,129,16,0,2,1376,1320,1320,56
40680.0,11,11,False,48,121,20,0,2,1448,1400,1400,48
40740.0,11,11,False,62,135,28,8,3,1536,1474,1474,62
40800.0,11,11,False,68,141,30,0,2,1616,1548,1548,68
40860.0,11,11,False,59,132,20,0,1,1696,1637,1637,59
40920.0,11,11,False,44,117,24,0,0,1768,1724,1724,44
40980.0,11,11,False,45,126,12,8,0,1840,1795,1795,45
41040.0,11,11,False,63,136,4,2,2,1936,1873,1873,63
41100.0,11,11,False,60,133,3,0,0,2008,1948,1948,60
41160.0,11,11,False,62,135,12,0,2,2088,2026,2026,62
41220.0,11,11,False,71,144,11,0,2,2168,2097,2097,71
41280.0,11,11,False,75,148,25,0,1,2256,2181,2181,75
41340.0,11,11,False,57,130,20,0,0,2328,2271,2271,57
41400.0,11,11,False,66,139,24,0,0,2408,2342,2342,66
41460.0,11,11,False,47,120,16,0,3,2472,2425,2425,47
41520.0,11,11,False,66,131,25,0,0,2560,2494,2494,66
41580.0,11,11,False,78,143,43,0,3,2656,2578,2578,78
41640.0,11,11,False,62,127,24,0,1,2736,2674,2674,62
41700.0,11,11,False,46,111,32,0,3,2800,2754,2754,46
41760.0,11,11,False,54,119,31,0,0,2880,2826,2826,54
41820.0,11,11,False,59,124,18,0,3,2960,2901,2901,59
41880.0,11,11,False,56,121,10,0,0,3040,2984,2984,56
41940.0,11,11,False,44,109,6,0,2,3104,3060,3060,44
42000.0,11,11,False,72,137,4,0,0,3200,3128,3128,72
42060.0,11,11,False,49,114,10,0,2,3272,3223,3223,49
42120.0,11,11,False,56,121,5,0,3,3352,3296,3296,56
42180.0,11,11,False,46,111,15,0,4,3424,3378,3378,46
42240.0,11,11,False,54,123,17,4,2,3508,3454,3454,54
42300.0,11,11,False,57,122,30,8,0,3584,3527,3527,57
42360.0,11,11,False,68,149,26,2,2,3672,3604,3604,68
42420.0,11,11,False,82,147,32,8,2,3768,3686,3686,82
42480.0,11,11,False,63,128,18,0,2,3840,3777,3777,63
42540.0,11,11,False,60,125,20,0,0,3920,3860,3860,60
42600.0,11,11,False,51,116,25,0,3,3984,3933,3933,51
42660.0,11,11,False,70,135,41,0,0,4072,4002,4002,70
42720.0,11,11,False,57,122,16,0,1,4144,4087,4087,57
42780.0,11,11,False,77,142,11,0,3,4240,4163,4163,77
42840.0,11,11,False,58,123,11,0,1,4304,4246,4246,58
42900.0,11,11,False,67,132,16,0,0,4384,4317,4317,67
42960.0,11,11,False,62,127,16,0,3,4464,4402,4402,62
43020.0,11,11,False,64,129,17,0,2,4544,4480,4480,64
43080.0,11,11,False,49,114,15,0,2,4608,4559,4559,49
43140.0,11,11,False,74,123,23,0,1,4704,4630,4630,74
43200.0,12,12,False,69,70,23,0,2,0,0,0,69
43260.0,12,12,False,113,186,52,4,2,136,25,25,113
43320.0,12,12,False,87,160,26,0,1,216,129,129,87
43380.0,12,12,False,60,133,31,0,1,288,228,228,60
43440.0,12,12,False,62,135,26,0,3,376,314,314,62
43500.0,12,12,False,57,130,37,0,3,448,391,391,57
43560.0,12,12,False,51,124,19,0,2,528,477,477,51
43620.0,12,12,False,72,145,12,0,1,624,552,552,72
43680.0,12,12,False,54,127,8,0,0,704,650,650,54
43740.0,12,12,False,65,138,9,0,0,792,727,727,65
43800.0,12,12,False,64,138,11,3,3,879,815,815,64
43860.0,12,12,False,71,144,10,0,2,960,889,889,71
43920.0,12,12,False,61,134,30,8,2,1040,979,979,61
43980.0,12,12,False,81,154,28,0,3,1136,1055,1055,81
44040.0,12,12,False,58,131,18,0,4,1208,1150,1150,58
44100.0,12,12,False,67,140,33,8,0,1296,1229,1229,67
44160.0,12,12,False,61,134,20,0,2,1376,1315,1315,61
44220.0,12,12,False,50,123,25,0,4,1448,1398,1398,50
44280.0,12,12,False,57,130,25,8,1,1544,1487,1487,57
44340.0,12,12,False,77,151,33,1,1,1639,1562,1562,77
44400.0,12,12,False,69,142,31,0,4,1720,1651,1651,69
44460.0,12,12,False,71,145,26,7,1,1807,1736,1736,71
44520.0,12,12,False,67,140,13,0,1,1888,1821,1821,67
44580.0,12,12,False,69,142,6,0,1,1968,1899,1899,69
44640.0,12,12,False,55,128,7,0,0,2040,1985,1985,55
44700.0,12,12,False,76,149,14,0,3,2136,2060,2060,76
44760.0,12,12,False,66,139,23,8,0,2216,2150,2150,66
44820.0,12,12,False,61,134,17,0,2,2304,2243,2243,61
44880.0,12,12,False,60,138,15,3,1,2387,2327,2327,60
44940.0,12,12,False,60,133,13,0,0,2464,2404,2404,60
45000.0,12,12,False,75,148,25,0,1,2560,2485,2485,75
45060.0,12,12,False,88,161,46,0,2,2656,2568,2568,88
45120.0,12,12,False,68,141,32,0,2,2736,2668,2668,68
45180.0,12,12,False,53,126,29,0,2,2808,2755,2755,53
45240.0,12,12,False,52,125,28,0,5,2888,2836,2836,52
45300.0,12,12,False,62,135,27,8,1,2976,2914,2914,62
45360.0,12,12,False,53,126,8,0,1,3056,3003,3003,53
45420.0,12,12,False,81,161,12,4,0,3161,3080,3080,81
45480.0,12,12,False,70,143,8,0,1,3232,3162,3162,70
45540.0,12,12,False,81,154,17,0,1,3328,3247,3247,81
45600.0,12,12,False,60,133,20,0,3,3400,3340,3340,60
45660.0,12,12,False,59,132,19,0,2,3480,3421,3421,59
45720.0,12,12,False,55,128,13,0,3,3560,3505,3505,55
45780.0,12,12,False,67,140,15,0,0,3648,3581,3581,67
45840.0,12,12,False,71,144,26,0,1,3736,3665,3665,71
45900.0,12,12,False,58,131,22,0,2,3816,3758,3758,58
45960.0,12,12,False,70,144,18,0,1,3911,3841,3841,70
46020.0,12,12,False,62,135,32,8,1,3984,3922,3922,62
46080.0,12,12,False,66,139,35,0,0,4072,4006,4006,66
46140.0,12,12,False,66,139,35,0,0,4152,4086,4086,66
46200.0,12,12,False,75,148,26,8,0,4248,4173,4173,75
46260.0,12,12,False,62,135,12,8,1,4328,4266,4266,62
46320.0,12,12,False,58,131,2,0,1,4400,4342,4342,58
46380.0,12,12,False,66,139,17,8,0,4488,4422,4422,66
46440.0,12,12,False,49,122,12,0,2,4560,4511,4511,49
46500.0,12,12,False,68,141,14,0,0,4656,4588,4588,68
46560.0,12,12,False,77,138,14,0,0,4748,4671,4671,77
46620.0,12,12,False,68,117,21,0,0,4832,4764,4764,68
46680.0,12,12,False,65,114,22,0,0,4912,4847,4847,65
46740.0,12,12,False,71,114,36,6,2,4998,4927,4927,71
46800.0,13,13,False,71,72,27,0,0,0,0,0,71
46860.0,13,13,False,120,193,52,0,0,136,22,22,120
46920.0,13,13,False,90,163,36,0,0,216,128,128,90
46980.0,13,13,False,74,147,37,0,2,296,222,222,74
47040.0,13,13,False,59,132,23,0,0,376,317,317,59
47100.0,13,13,False,58,131,8,0,4,456,398,398,58
47160.0,13,13,False,51,124,4,0,0,536,485,485,51
47220.0,13,13,False,75,148,6,0,0,632,557,557,75
47280.0,13,13,False,73,148,23,6,3,726,653,653,73
47340.0,13,13,False,80,153,18,0,4,816,736,736,80
47400.0,13,13,False,56,129,16,0,2,888,832,832,56
47460.0,13,13,False,58,131,24,0,1,968,910,910,58
47520.0,13,13,False,70,143,22,0,0,1056,986,986,70
47580.0,13,13,False,83,156,31,0,0,1152,1069,1069,83
47640.0,13,13,False,68,141,29,8,1,1240,1172,1172,68
47700.0,13,13,False,43,116,14,0,2,1304,1261,1261,43
47760.0,13,13,False,62,135,25,2,3,1400,1338,1338,62
47820.0,13,13,False,65,138,25,0,1,1488,1423,1423,65
47880.0,13,13,False,66,139,36,0,0,1568,1502,1502,66
47940.0,13,13,False,78,151,26,0,2,1672,1594,1594,78
48000.0,13,13,False,52,125,4,0,2,1736,1684,1684,52
48060.0,13,13,False,57,130,7,0,0,1824,1767,1767,57
48120.0,13,13,False,70,143,6,0,0,1912,1842,1842,70
48180.0,13,13,False,53,126,16,0,4,1984,1931,1931,53
48240.0,13,13,False,80,153,22,0,2,2088,2008,2008,80
48300.0,13,13,False,68,141,21,0,3,2168,2100,2100,68
48360.0,13,13,False,69,142,26,0,3,2264,2195,2195,69
48420.0,13,13,False,62,135,19,0,2,2344,2282,2282,62
48480.0,13,13,False,64,137,29,0,2,2424,2360,2360,64
48540.0,13,13,False,70,143,23,0,1,2512,2442,2442,70
48600.0,13,13,False,58,131,34,8,2,2592,2534,2534,58
48660.0,13,13,False,93,169,34,5,0,2701,2608,2608,93
48720.0,13,13,False,77,150,30,0,3,2784,2707,2707,77
48780.0,13,13,False,70,143,32,0,2,2864,2794,2794,70
48840.0,13,13,False,64,137,18,0,1,2944,2880,2880,64
48900.0,13,13,False,65,138,17,8,3,3032,2967,2967,65
48960.0,13,13,False,54,130,6,0,2,3101,3047,3047,54
49020.0,13,13,False,87,160,19,8,2,3208,3121,3121,87
49080.0,13,13,False,60,133,12,0,2,3280,3220,3220,60
49140.0,13,13,False,76,149,20,2,3,3384,3308,3308,76
49200.0,13,13,False,61,134,17,8,2,3464,3403,3403,61
49260.0,13,13,False,58,131,20,0,0,3536,3478,3478,58
49320.0,13,13,False,67,140,24,0,3,3624,3557,3557,67
49380.0,13,13,False,82,155,42,0,0,3720,3638,3638,82
49440.0,13,13,False,68,141,25,0,1,3808,3740,3740,68
49500.0,13,13,False,54,127,27,8,1,3880,3826,3826,54
49560.0,13,13,False,52,125,34,8,1,3960,3908,3908,52
49620.0,13,13,False,71,144,26,1,2,4064,3993,3993,71
49680.0,13,13,False,64,137,23,0,3,4136,4072,4072,64
49740.0,13,13,False,82,155,17,0,2,4240,4158,4158,82
49800.0,13,13,False,66,139,13,8,2,4312,4246,4246,66
49860.0,13,13,False,57,130,8,0,0,4392,4335,4335,57
49920.0,13,13,False,64,137,7,0,2,4480,4416,4416,64
49980.0,13,13,False,54,127,20,8,2,4560,4506,4506,54
50040.0,13,13,False,76,151,19,6,3,4654,4578,4578,76
50100.0,13,13,False,74,131,18,8,0,4744,4670,4670,74
50160.0,13,13,False,68,125,24,0,3,4832,4764,4764,68
50220.0,13,13,False,61,118,25,0,2,4912,4851,4851,61
50280.0,13,13,False,70,119,34,4,2,5000,4930,4930,70
50340.0,13,13,False,68,109,28,0,0,5080,5012,5012,68
50400.0,14,14,False,63,64,37,8,5,8,0,0,63
50460.0,14,14,False,115,188,57,0,3,144,31,31,115
50520.0,14,14,False,102,177,48,0,2,230,128,128,102
50580.0,14,14,False,81,160,33,4,2,314,233,233,81
50640.0,14,14,False,63,136,16,0,1,392,329,329,63
50700.0,14,14,False,69,142,15,0,1,488,419,419,69
50760.0,14,14,False,95,171,20,4,2,605,510,510,95
50820.0,14,14,False,77,150,22,0,4,680,603,603,77
50880.0,14,14,False,69,142,20,0,2,760,691,691,69
50940.0,14,14,False,68,141,22,0,3,856,788,788,68
51000.0,14,14,False,64,139,21,1,0,934,870,870,64
51060.0,14,14,False,84,157,21,0,1,1040,956,956,84
51120.0,14,14,False,85,158,26,0,1,1136,1051,1051,85
51180.0,14,14,False,68,141,33,0,2,1216,1148,1148,68
51240.0,14,14,False,61,134,36,0,1,1304,1243,1243,61
51300.0,14,14,False,72,145,39,8,0,1392,1320,1320,72
51360.0,14,14,False,75,148,30,4,0,1488,1413,1413,75
51420.0,14,14,False,72,145,21,0,0,1576,1504,1504,72
51480.0,14,14,False,82,155,18,0,2,1680,1598,1598,82
51540.0,14,14,False,77,150,15,8,2,1768,1691,1691,77
51600.0,14,14,False,49,122,3,0,1,1832,1783,1783,49
51660.0,14,14,False,87,160,16,2,1,1944,1857,1857,87
51720.0,14,14,False,71,144,10,0,1,2032,1961,1961,71
51780.0,14,14,False,81,154,37,8,1,2128,2047,2047,81
51840.0,14,14,False,77,150,25,0,3,2208,2131,2131,77
51900.0,14,14,False,70,143,17,0,3,2304,2234,2234,70
51960.0,14,14,False,69,145,25,5,0,2389,2320,2320,69
52020.0,14,14,False,75,148,32,8,1,2480,2405,2405,75
52080.0,14,14,False,76,149,36,0,0,2568,2492,2492,76
52140.0,14,14,False,97,170,48,0,2,2680,2583,2583,97
52200.0,14,14,False,78,151,41,0,3,2760,2682,2682,78
52260.0,14,14,False,66,155,29,8,2,2848,2782,2782,66
52320.0,14,14,False,70,143,3,0,1,2936,2866,2866,70
52380.0,14,14,False,67,140,11,0,2,3024,2957,2957,67
52440.0,14,14,False,68,141,17,0,0,3112,3044,3044,68
52500.0,14,14,False,85,158,16,8,2,3216,3131,3131,85
52560.0,14,14,False,58,131,13,0,1,3288,3230,3230,58
52620.0,14,14,False,78,151,18,0,4,3400,3322,3322,78
52680.0,14,14,False,74,147,26,0,1,3488,3414,3414,74
52740.0,14,14,False,55,128,24,0,0,3552,3497,3497,55
52800.0,14,14,False,75,148,20,0,2,3656,3581,3581,75
52860.0,14,14,False,78,151,30,0,0,3752,3674,3674,78
52920.0,14,14,False,75,148,27,8,2,3856,3781,3781,75
52980.0,14,14,False,61,134,32,0,3,3928,3867,3867,61
53040.0,14,14,False,61,134,31,0,0,4016,3955,3955,61
53100.0,14,14,False,68,141,36,0,1,4104,4036,4036,68
53160.0,14,14,False,70,143,20,0,0,4200,4130,4130,70
53220.0,14,14,False,72,145,7,0,1,4296,4224,4224,72
53280.0,14,14,False,69,142,11,0,1,4384,4315,4315,69
53340.0,14,14,False,73,146,17,0,0,4472,4399,4399,73
53400.0,14,14,False,69,142,13,0,0,4560,4491,4491,69
53460.0,14,14,False,61,134,10,0,2,4640,4579,4579,61
53520.0,14,14,False,79,152,12,0,1,4744,4665,4665,79
53580.0,14,14,False,87,160,33,0,1,4840,4753,4753,87
53640.0,14,14,False,79,152,28,0,1,4928,4849,4849,79
53700.0,14,14,False,71,136,31,8,2,5016,4945,4945,71
53760.0,14,14,False,66,131,27,0,2,5096,5030,5030,66
53820.0,14,14,False,78,135,25,5,3,5208,5130,5130,78
53880.0,14,14,False,92,133,36,4,2,5304,5212,5212,92
53940.0,14,14,False,56,97,30,0,4,5376,5320,5320,56
54000.0,15,15,False,60,61,21,0,3,0,0,0,60
54060.0,15,15,False,112,186,41,0,2,143,31,31,112
54120.0,15,15,False,94,167,20,0,2,232,138,138,94
54180.0,15,15,False,74,151,19,0,1,316,242,242,74
54240.0,15,15,False,98,174,28,7,2,437,339,339,98
54300.0,15,15,False,86,161,20,0,2,526,440,440,86
54360.0,15,15,False,90,163,21,0,2,632,542,542,90
54420.0,15,15,False,86,159,14,0,1,728,642,642,86
54480.0,15,15,False,84,157,31,0,2,832,748,748,84
54540.0,15,15,False,68,141,26,0,1,920,852,852,68
54600.0,15,15,False,77,150,27,2,2,1024,947,947,77
54660.0,15,15,False,96,169,41,0,2,1136,1040,1040,96
54720.0,15,15,False,90,163,39,0,1,1232,1142,1142,90
54780.0,15,15,False,76,153,33,4,3,1316,1240,1240,76
54840.0,15,15,False,76,149,45,8,2,1416,1340,1340,76
54900.0,15,15,False,74,147,24,0,1,1512,1438,1438,74
54960.0,15,15,False,82,158,21,0,3,1613,1531,1531,82
55020.0,15,15,False,91,165,12,1,1,1719,1628,1628,91
55080.0,15,15,False,86,159,12,0,0,1816,1730,1730,86
55140.0,15,15,False,79,152,13,0,3,1912,1833,1833,79
55200.0,15,15,False,80,153,14,1,0,2016,1936,1936,80
55260.0,15,15,False,87,160,33,8,2,2120,2033,2033,87
55320.0,15,15,False,86,159,31,0,2,2208,2122,2122,86
55380.0,15,15,False,86,159,28,2,2,2320,2234,2234,86
55440.0,15,15,False,74,147,28,0,1,2408,2334,2334,74
55500.0,15,15,False,77,150,26,0,2,2504,2427,2427,77
55560.0,15,15,False,92,176,39,5,1,2613,2521,2521,92
55620.0,15,15,False,103,176,55,8,1,2720,2617,2617,103
55680.0,15,15,False,78,151,36,0,2,2808,2730,2730,78
55740.0,15,15,False,56,129,23,0,1,2896,2840,2840,56
55800.0,15,15,False,75,148,13,0,2,3008,2933,2933,75
55860.0,15,15,False,89,164,32,7,0,3102,3013,3013,89
55920.0,15,15,False,93,170,15,0,4,3204,3111,3111,93
55980.0,15,15,False,93,166,19,1,2,3312,3219,3219,93
56040.0,15,15,False,76,150,22,0,3,3399,3323,3323,76
56100.0,15,15,False,78,151,20,0,2,3496,3418,3418,78
56160.0,15,15,False,83,156,24,2,2,3600,3517,3517,83
56220.0,15,15,False,102,175,35,0,2,3712,3610,3610,102
56280.0,15,15,False,93,166,42,0,4,3808,3715,3715,93
56340.0,15,15,False,99,181,45,8,2,3903,3804,3804,99
56400.0,15,15,False,90,171,24,0,2,3984,3894,3894,90
56460.0,15,15,False,90,169,44,7,1,4082,3992,3992,90
56520.0,15,15,False,101,178,57,1,0,4188,4087,4087,101
56580.0,15,15,False,100,177,46,1,1,4292,4192,4192,100
56640.0,15,15,False,92,165,39,0,4,4384,4292,4292,92
56700.0,15,15,False,94,167,36,0,1,4488,4394,4394,94
56760.0,15,15,False,90,164,14,0,1,4591,4501,4501,90
56820.0,15,15,False,106,182,32,0,1,4693,4587,4587,106
56880.0,15,15,False,103,180,32,8,1,4788,4685,4685,103
56940.0,15,15,False,107,182,39,1,1,4894,4787,4787,107
57000.0,15,15,False,97,178,44,1,2,4976,4879,4879,97
57060.0,15,15,False,94,162,48,0,4,5077,4983,4983,94
57120.0,15,15,False,102,193,55,6,1,5174,5072,5072,102
57180.0,15,15,False,115,195,51,0,3,5281,5166,5166,115
57240.0,15,15,False,105,174,40,0,1,5380,5275,5275,105
57300.0,15,15,False,90,161,35,1,0,5466,5376,5376,90
57360.0,15,15,False,95,165,31,0,1,5579,5484,5484,95
57420.0,15,15,False,86,153,40,0,0,5670,5584,5584,86
57480.0,15,15,False,96,149,51,7,2,5780,5684,5684,96
57540.0,15,15,False,108,150,31,0,1,5895,5787,5787,108
57600.0,16,16,False,95,97,23,0,2,0,0,0,95
57660.0,16,16,False,133,207,50,0,1,144,23,23,133
57720.0,16,16,False,123,196,38,0,1,241,118,118,123
57780.0,16,16,False,114,188,30,0,2,352,238,238,114
57840.0,16,16,False,105,178,36,0,2,449,344,344,105
57900.0,16,16,False,112,193,49,8,2,569,457,457,112
57960.0,16,16,False,120,193,60,0,2,673,553,553,120
58020.0,16,16,False,125,198,64,0,1,777,652,652,125
58080.0,16,16,False,106,185,54,0,2,875,769,769,106
58140.0,16,16,False,95,179,45,1,2,966,871,871,95
58200.0,16,16,False,114,201,59,5,1,1091,977,977,114
58260.0,16,16,False,114,200,67,0,3,1196,1082,1082,114
58320.0,16,16,False,104,188,55,7,1,1294,1190,1190,104
58380.0,16,16,False,110,195,47,0,1,1397,1287,1287,110
58440.0,16,16,False,115,201,53,1,0,1500,1385,1385,115
58500.0,16,16,False,120,222,41,3,0,1612,1492,1492,120
58560.0,16,16,False,123,210,60,7,0,1723,1600,1600,123
58620.0,16,16,False,113,196,42,0,0,1815,1702,1702,113
58680.0,16,16,False,124,208,42,1,0,1934,1810,1810,124
58740.0,16,16,False,109,190,44,0,1,2033,1924,1924,109
58800.0,16,16,False,124,212,43,3,2,2154,2030,2030,124
58860.0,16,16,False,117,198,51,1,2,2257,2140,2140,117
58920.0,16,16,False,101,180,46,1,3,2355,2254,2254,101
58980.0,16,16,False,108,188,47,0,2,2466,2358,2358,108
59040.0,16,16,False,107,199,47,0,1,2566,2459,2459,107
59100.0,16,16,False,117,206,54,1,1,2689,2572,2572,117
59160.0,16,16,False,105,195,49,0,3,2784,2679,2679,105
59220.0,16,16,False,90,180,43,1,1,2880,2790,2790,90
59280.0,16,16,False,103,195,42,0,2,2998,2895,2895,103
59340.0,16,16,False,85,175,36,0,3,3088,3003,3003,85
59400.0,16,16,False,114,208,49,0,1,3212,3098,3098,114
59460.0,16,16,False,117,218,60,1,3,3309,3192,3192,117
59520.0,16,16,False,114,215,57,2,0,3405,3291,3291,114
59580.0,16,16,False,120,227,53,5,0,3511,3391,3391,120
59640.0,16,16,False,125,226,52,2,1,3621,3496,3496,125
59700.0,16,16,False,138,239,47,1,1,3741,3603,3603,138
59760.0,16,16,False,123,223,69,0,2,3838,3715,3715,123
59820.0,16,16,False,116,239,57,7,1,3927,3811,3811,116
59880.0,16,16,False,125,225,63,2,2,4046,3921,3921,125
59940.0,16,16,False,118,233,50,1,2,4143,4025,4025,118
60000.0,16,16,False,122,243,55,0,2,4249,4127,4127,122
60060.0,16,16,False,118,231,56,1,1,4353,4235,4235,118
60120.0,16,16,False,111,228,53,5,2,4461,4350,4350,111
60180.0,16,16,False,126,231,63,1,3,4569,4443,4443,126
60240.0,16,16,False,131,235,60,0,2,4682,4551,4551,131
60300.0,16,16,False,135,249,56,0,4,4792,4657,4657,135
60360.0,16,16,False,127,227,73,1,5,4894,4767,4767,127
60420.0,16,16,False,124,233,62,0,3,4997,4873,4873,124
60480.0,16,16,False,127,242,58,3,2,5095,4968,4968,127
60540.0,16,16,False,134,248,56,0,3,5208,5074,5074,134
60600.0,16,16,False,129,236,62,0,1,5319,5190,5190,129
60660.0,16,16,False,125,232,60,2,4,5415,5290,5290,125
60720.0,16,16,False,143,248,83,4,3,5537,5394,5394,143
60780.0,16,16,False,124,248,59,0,2,5614,5490,5490,124
60840.0,16,16,False,133,256,69,6,3,5727,5594,5594,133
60900.0,16,16,False,134,257,65,1,0,5839,5705,5705,134
60960.0,16,16,False,136,250,67,1,1,5944,5808,5808,136
61020.0,16,16,False,139,253,55,2,3,6056,5917,5917,139
61080.0,16,16,False,136,245,61,6,1,6157,6021,6021,136
61140.0,16,16,False,137,224,53,2,1,6267,6130,6130,137
61200.0,17,17,False,136,182,53,1,1,1,0,0,136
61260.0,17,17,False,161,285,66,2,3,139,12,12,161
61320.0,17,17,False,158,284,82,6,1,249,95,95,158
61380.0,17,17,False,156,286,85,4,2,357,201,201,156
61440.0,17,17,False,158,292,83,1,5,457,299,299,158
61500.0,17,17,False,143,314,68,3,1,548,405,405,143
61560.0,17,17,False,150,300,83,2,2,665,515,515,150
61620.0,17,17,False,144,305,81,2,1,774,630,630,144
61680.0,17,17,False,143,300,72,1,1,874,731,731,143
61740.0,17,17,False,138,296,61,4,1,969,831,831,138
61800.0,17,17,False,147,304,64,2,2,1090,943,943,147
61860.0,17,17,False,142,300,59,2,2,1193,1051,1051,142
61920.0,17,17,False,158,310,64,0,1,1311,1153,1153,158
61980.0,17,17,False,136,296,57,0,0,1399,1263,1263,136
62040.0,17,17,False,140,305,53,2,0,1514,1374,1374,140
62100.0,17,17,False,140,311,53,1,0,1620,1480,1480,140
62160.0,17,17,False,135,299,53,0,0,1723,1588,1588,135
62220.0,17,17,False,136,302,51,0,4,1841,1705,1705,136
62280.0,17,17,False,134,284,60,1,3,1953,1819,1819,134
62340.0,17,17,False,138,305,63,3,0,2064,1926,1926,138
62400.0,17,17,False,131,289,73,4,1,2169,2038,2038,131
62460.0,17,17,False,129,294,60,0,3,2274,2145,2145,129
62520.0,17,17,False,119,279,64,1,2,2375,2256,2256,119
62580.0,17,17,False,135,300,99,4,4,2490,2355,2355,135
62640.0,17,17,False,139,336,84,0,1,2578,2439,2439,139
62700.0,17,17,False,142,330,70,0,0,2683,2541,2541,142
62760.0,17,17,False,142,331,75,2,0,2794,2652,2652,142
62820.0,17,17,False,138,329,71,1,0,2896,2758,2758,138
62880.0,17,17,False,143,329,83,2,2,3013,2870,2870,143
62940.0,17,17,False,150,350,65,4,2,3111,2961,2961,150
63000.0,17,17,False,152,364,75,1,1,3211,3059,3059,152
63060.0,17,17,False,148,384,73,3,3,3299,3151,3151,148
63120.0,17,17,False,132,367,38,2,1,3388,3256,3256,132
63180.0,17,17,False,152,373,68,2,3,3514,3362,3362,152
63240.0,17,17,False,153,392,75,0,3,3616,3463,3463,153
63300.0,17,17,False,146,399,64,2,2,3714,3568,3568,146
63360.0,17,17,False,149,385,72,2,2,3827,3678,3678,149
63420.0,17,17,False,149,395,75,2,0,3937,3788,3788,149
63480.0,17,17,False,140,391,85,1,3,4044,3904,3904,140
63540.0,17,17,False,141,395,76,1,0,4137,3996,3996,141
63600.0,17,17,False,157,404,82,2,2,4256,4099,4099,157
63660.0,17,17,False,139,386,82,2,3,4360,4221,4221,139
63720.0,17,17,False,147,394,62,4,2,4472,4325,4325,147
63780.0,17,17,False,136,390,63,1,2,4569,4433,4433,136
63840.0,17,17,False,150,404,63,2,2,4689,4539,4539,150
63900.0,17,17,False,147,395,63,2,0,4791,4644,4644,147
63960.0,17,17,False,149,392,60,0,1,4908,4759,4759,149
64020.0,17,17,False,147,393,65,0,2,5009,4862,4862,147
64080.0,17,17,False,149,390,68,1,1,5124,4975,4975,149
64140.0,17,17,False,148,400,73,1,1,5224,5076,5076,148
64200.0,17,17,False,159,392,101,3,1,5338,5179,5179,159
64260.0,17,17,False,154,396,73,4,2,5435,5281,5281,154
64320.0,17,17,False,138,374,82,3,2,5536,5398,5398,138
64380.0,17,17,False,143,394,76,1,2,5636,5493,5493,143
64440.0,17,17,False,151,400,82,1,3,5742,5591,5591,151
64500.0,17,17,False,155,389,91,2,2,5853,5698,5698,155
64560.0,17,17,False,158,391,82,1,0,5966,5808,5808,158
64620.0,17,17,False,154,374,75,2,1,6075,5921,5921,154
64680.0,17,17,False,151,379,63,1,0,6179,6028,6028,151
64740.0,17,17,False,149,361,58,0,2,6290,6141,6141,149
64800.0,18,18,False,157,330,64,2,1,2,0,0,157
64860.0,18,18,False,158,420,60,2,3,121,9,9,158
64920.0,18,18,False,151,397,68,2,4,224,75,75,151
64980.0,18,18,False,156,381,62,0,3,333,178,178,156
65040.0,18,18,False,134,349,67,5,2,422,288,288,134
65100.0,18,18,False,127,327,54,2,2,525,398,398,127
65160.0,18,18,False,136,344,61,0,3,637,501,501,136
65220.0,18,18,False,136,326,80,0,3,727,591,591,136
65280.0,18,18,False,113,301,63,1,0,817,704,704,113
65340.0,18,18,False,109,283,68,1,1,919,810,810,109
65400.0,18,18,False,102,282,60,6,1,1009,907,907,102
65460.0,18,18,False,103,264,44,0,0,1116,1013,1013,103
65520.0,18,18,False,117,275,55,0,1,1223,1106,1106,117
65580.0,18,18,False,125,277,53,7,1,1325,1200,1200,125
65640.0,18,18,False,99,237,35,1,1,1403,1304,1304,99
65700.0,18,18,False,117,248,45,7,1,1514,1397,1397,117
65760.0,18,18,False,117,236,34,1,1,1614,1497,1497,117
65820.0,18,18,False,113,224,35,0,0,1710,1597,1597,113
65880.0,18,18,False,115,221,51,1,3,1811,1696,1696,115
65940.0,18,18,False,114,214,43,2,2,1905,1791,1791,114
66000.0,18,18,False,113,209,52,5,3,2005,1892,1892,113
66060.0,18,18,False,109,198,45,0,2,2100,1991,1991,109
66120.0,18,18,False,110,188,62,0,0,2199,2089,2089,110
66180.0,18,18,False,107,184,67,0,2,2296,2189,2189,107
66240.0,18,18,False,99,173,61,1,1,2379,2280,2280,99
66300.0,18,18,False,100,175,44,6,1,2490,2390,2390,100
66360.0,18,18,False,97,170,33,0,0,2580,2483,2483,97
66420.0,18,18,False,80,153,31,8,1,2652,2572,2572,80
66480.0,18,18,False,81,154,24,0,1,2740,2659,2659,81
66540.0,18,18,False,110,183,30,0,1,2852,2742,2742,110
66600.0,18,18,False,101,184,30,6,1,2946,2845,2845,101
66660.0,18,18,False,91,164,28,0,1,3036,2945,2945,91
66720.0,18,18,False,90,163,29,0,1,3116,3026,3026,90
66780.0,18,18,False,89,162,30,8,2,3212,3123,3123,89
66840.0,18,18,False,81,162,32,8,1,3292,3211,3211,81
66900.0,18,18,False,94,175,36,2,3,3396,3302,3302,94
66960.0,18,18,False,94,167,40,8,2,3492,3398,3398,94
67020.0,18,18,False,79,152,50,0,1,3572,3493,3493,79
67080.0,18,18,False,76,149,49,0,2,3660,3584,3584,76
67140.0,18,18,False,77,150,42,0,0,3748,3671,3671,77
67200.0,18,18,False,95,180,43,4,0,3848,3753,3753,95
67260.0,18,18,False,94,167,35,0,2,3940,3846,3846,94
67320.0,18,18,False,83,156,24,0,0,4028,3945,3945,83
67380.0,18,18,False,83,156,19,0,0,4116,4033,4033,83
67440.0,18,18,False,75,148,20,0,0,4196,4121,4121,75
67500.0,18,18,False,101,174,30,8,1,4308,4207,4207,101
67560.0,18,18,False,106,179,23,0,3,4404,4298,4298,106
67620.0,18,18,False,82,155,26,0,1,4476,4394,4394,82
67680.0,18,18,False,79,152,25,0,1,4564,4485,4485,79
67740.0,18,18,False,81,154,24,0,3,4660,4579,4579,81
67800.0,18,18,False,84,165,35,4,3,4756,4672,4672,84
67860.0,18,18,False,90,171,53,8,0,4844,4754,4754,90
67920.0,18,18,False,94,167,52,0,2,4940,4846,4846,94
67980.0,18,18,False,83,156,42,0,2,5028,4945,4945,83
68040.0,18,18,False,71,144,36,0,3,5108,5037,5037,71
68100.0,18,18,False,88,153,34,0,1,5212,5124,5124,88
68160.0,18,18,False,90,155,29,0,1,5300,5210,5210,90
68220.0,18,18,False,105,146,37,0,0,5404,5299,5299,105
68280.0,18,18,False,91,132,39,0,2,5492,5401,5401,91
68340.0,18,18,False,92,125,27,8,1,5580,5488,5488,92
68400.0,19,19,False,90,91,8,0,2,0,0,0,90
68460.0,19,19,False,106,179,35,0,2,112,16,16,106
68520.0,19,19,False,66,139,23,0,1,176,110,110,66
68580.0,19,19,False,45,118,20,0,1,232,187,187,45
68640.0,19,19,False,61,136,21,0,1,310,249,249,61
68700.0,19,19,False,60,133,36,0,2,376,316,316,60
68760.0,19,19,False,58,131,38,0,0,440,382,382,58
68820.0,19,19,False,60,133,37,0,0,512,452,452,60
68880.0,19,19,False,83,156,35,0,1,600,517,517,83
68940.0,19,19,False,71,144,25,0,1,656,585,585,71
69000.0,19,19,False,57,130,18,0,0,712,655,655,57
69060.0,19,19,False,53,126,14,0,0,776,723,723,53
69120.0,19,19,False,58,131,11,0,0,848,790,790,58
69180.0,19,19,False,61,134,25,8,0,920,859,859,61
69240.0,19,19,False,54,127,10,0,1,976,922,922,54
69300.0,19,19,False,65,138,13,0,1,1048,983,983,65
69360.0,19,19,False,77,150,29,0,2,1128,1051,1051,77
69420.0,19,19,False,68,141,24,0,3,1200,1132,1132,68
69480.0,19,19,False,57,130,13,0,3,1264,1207,1207,57
69540.0,19,19,False,52,133,23,4,1,1328,1276,1276,52
69600.0,19,19,False,51,124,28,0,1,1384,1333,1333,51
69660.0,19,19,False,52,125,32,0,1,1448,1396,1396,52
69720.0,19,19,False,49,122,30,0,1,1512,1463,1463,49
69780.0,19,19,False,76,149,27,0,1,1608,1532,1532,76
69840.0,19,19,False,71,144,30,0,1,1672,1601,1601,71
69900.0,19,19,False,52,125,17,0,1,1728,1676,1676,52
69960.0,19,19,False,72,145,23,8,0,1808,1736,1736,72
70020.0,19,19,False,80,153,20,0,0,1880,1800,1800,80
70080.0,19,19,False,64,137,13,0,1,1936,1872,1872,64
70140.0,19,19,False,54,143,18,8,2,1992,1938,1938,54
70200.0,19,19,False,60,133,18,8,1,2064,2004,2004,60
70260.0,19,19,False,67,140,21,0,2,2136,2069,2069,67
70320.0,19,19,False,62,135,32,8,2,2208,2146,2146,62
70380.0,19,19,False,52,125,22,0,2,2272,2220,2220,52
70440.0,19,19,False,58,131,27,0,2,2344,2286,2286,58
70500.0,19,19,False,56,129,38,0,0,2408,2352,2352,56
70560.0,19,19,False,55,128,34,0,2,2472,2417,2417,55
70620.0,19,19,False,64,129,36,0,0,2544,2480,2480,64
70680.0,19,19,False,82,156,28,3,2,2631,2549,2549,82
70740.0,19,19,False,73,138,22,0,0,2688,2615,2615,73
70800.0,19,19,False,58,123,20,0,1,2752,2694,2694,58
70860.0,19,19,False,57,122,13,0,0,2816,2759,2759,57
70920.0,19,19,False,62,127,17,0,1,2888,2826,2826,62
70980.0,19,19,False,66,131,9,0,0,2960,2894,2894,66
71040.0,19,19,False,54,119,12,0,2,3016,2962,2962,54
71100.0,19,19,False,67,132,16,0,2,3096,3029,3029,67
71160.0,19,19,False,81,146,34,0,0,3176,3095,3095,81
71220.0,19,19,False,64,129,22,0,3,3232,3168,3168,64
71280.0,19,19,False,53,122,27,6,3,3300,3247,3247,53
71340.0,19,19,False,63,128,26,0,1,3368,3305,3305,63
71400.0,19,19,False,49,114,31,0,1,3424,3375,3375,49
71460.0,19,19,False,48,113,33,0,0,3488,3440,3440,48
71520.0,19,19,False,54,119,21,0,1,3560,3506,3506,54
71580.0,19,19,False,57,122,26,0,1,3624,3567,3567,57
71640.0,19,19,False,85,134,32,0,0,3712,3627,3627,85
71700.0,19,19,False,68,117,14,0,1,3776,3708,3708,68
71760.0,19,19,False,68,117,17,0,1,3848,3780,3780,68
71820.0,19,19,False,68,117,14,0,2,3912,3844,3844,68
71880.0,19,19,False,54,111,8,0,3,3968,3914,3914,54
71940.0,19,19,False,58,99,8,0,2,4032,3974,3974,58
72000.0,20,20,False,61,62,17,0,2,0,0,0,61
72060.0,20,20,False,90,163,41,8,1,104,21,21,90
72120.0,20,20,False,55,132,19,0,1,156,102,102,55
72180.0,20,20,False,54,127,21,0,1,216,162,162,54
72240.0,20,20,False,37,110,17,0,1,256,219,219,37
72300.0,20,20,False,46,119,25,0,2,312,266,266,46
72360.0,20,20,False,50,123,24,0,3,368,318,318,50
72420.0,20,20,False,64,137,18,0,0,432,368,368,64
72480.0,20,20,False,47,120,15,0,0,472,425,425,47
72540.0,20,20,False,52,125,12,0,0,528,476,476,52
72600.0,20,20,False,74,147,27,0,0,600,526,526,74
72660.0,20,20,False,49,122,16,0,1,640,591,591,49
72720.0,20,20,False,45,118,13,0,1,696,651,651,45
72780.0,20,20,False,50,123,11,0,1,752,702,702,50
72840.0,20,20,False,56,129,18,0,1,816,760,760,56
72900.0,20,20,False,39,112,14,0,2,856,817,817,39
72960.0,20,20,False,42,115,23,0,1,912,870,870,42
73020.0,20,20,False,48,121,30,0,1,968,920,920,48
73080.0,20,20,False,50,123,30,2,0,1024,974,974,50
73140.0,20,20,False,56,129,28,0,2,1080,1024,1024,56
73200.0,20,20,False,62,135,37,0,0,1144,1082,1082,62
73260.0,20,20,False,53,126,23,0,1,1200,1147,1147,53
73320.0,20,20,False,36,109,18,0,0,1240,1204,1204,36
73380.0,20,20,False,43,116,11,0,0,1296,1253,1253,43
73440.0,20,20,False,52,125,14,0,1,1352,1300,1300,52
73500.0,20,20,False,51,124,9,0,0,1408,1357,1357,51
73560.0,20,20,False,43,116,5,0,0,1448,1405,1405,43
73620.0,20,20,False,50,123,8,0,1,1512,1462,1462,50
73680.0,20,20,False,51,124,15,0,1,1568,1517,1517,51
73740.0,20,20,False,55,138,21,6,1,1630,1575,1575,55
73800.0,20,20,False,43,116,17,0,1,1680,1637,1637,43
73860.0,20,20,False,39,112,19,0,0,1736,1697,1697,39
73920.0,20,20,False,49,122,26,0,1,1792,1743,1743,49
73980.0,20,20,False,29,102,24,8,1,1832,1803,1803,29
74040.0,20,20,False,43,116,26,0,0,1896,1853,1853,43
74100.0,20,20,False,42,115,33,8,0,1952,1910,1910,42
74160.0,20,20,False,50,123,13,0,0,2008,1958,1958,50
74220.0,20,20,False,36,109,21,8,0,2048,2012,2012,36
74280.0,20,20,False,68,141,21,8,0,2128,2060,2060,68
74340.0,20,20,False,56,129,17,0,0,2176,2120,2120,56
74400.0,20,20,False,53,126,10,0,0,2232,2179,2179,53
74460.0,20,20,False,39,112,4,0,0,2280,2241,2241,39
74520.0,20,20,False,53,126,7,0,0,2344,2291,2291,53
74580.0,20,20,False,54,127,16,0,0,2400,2346,2346,54
74640.0,20,20,False,41,114,11,0,2,2440,2399,2399,41
74700.0,20,20,False,47,120,17,0,0,2496,2449,2449,47
74760.0,20,20,False,57,122,31,0,1,2560,2503,2503,57
74820.0,20,20,False,73,143,26,3,2,2635,2562,2562,73
74880.0,20,20,False,50,115,31,0,5,2680,2630,2630,50
74940.0,20,20,False,46,111,30,0,3,2736,2690,2690,46
75000.0,20,20,False,49,114,22,0,0,2792,2743,2743,49
75060.0,20,20,False,35,100,18,0,0,2832,2797,2797,35
75120.0,20,20,False,42,107,10,0,0,2888,2846,2846,42
75180.0,20,20,False,52,117,17,0,0,2944,2892,2892,52
75240.0,20,20,False,55,120,14,0,3,3008,2953,2953,55
75300.0,20,20,False,41,106,12,0,1,3048,3007,3007,41
75360.0,20,20,False,43,108,5,0,2,3104,3061,3061,43
75420.0,20,20,False,64,113,21,0,1,3176,3112,3112,64
75480.0,20,20,False,52,101,13,3,1,3232,3180,3180,52
75540.0,20,20,False,38,79,18,0,2,3272,3234,3234,38
75600.0,21,21,False,50,51,23,0,0,0,0,0,50
75660.0,21,21,False,71,144,41,0,1,88,21,21,71
75720.0,21,21,False,40,113,33,8,1,144,104,104,40
75780.0,21,21,False,34,107,31,8,1,184,150,150,34
75840.0,21,21,False,37,110,22,0,1,232,195,195,37
75900.0,21,21,False,54,127,24,0,0,288,234,234,54
75960.0,21,21,False,34,107,10,0,0,320,286,286,34
76020.0,21,21,False,54,127,14,0,0,376,322,322,54
76080.0,21,21,False,59,136,17,4,1,428,369,369,59
76140.0,21,21,False,43,116,13,8,0,464,421,421,43
76200.0,21,21,False,43,116,8,0,1,512,469,469,43
76260.0,21,21,False,42,115,6,0,2,560,518,518,42
76320.0,21,21,False,54,127,12,0,1,616,562,562,54
76380.0,21,21,False,41,114,17,0,0,664,623,623,41
76440.0,21,21,False,34,107,16,0,1,704,670,670,34
76500.0,21,21,False,39,112,20,0,0,752,713,713,39
76560.0,21,21,False,54,127,20,0,2,816,762,762,54
76620.0,21,21,False,37,110,16,0,0,848,811,811,37
76680.0,21,21,False,47,124,27,4,1,900,853,853,47
76740.0,21,21,False,26,99,12,0,0,928,902,902,26
76800.0,21,21,False,28,101,10,0,0,976,948,948,28
76860.0,21,21,False,46,119,13,0,0,1032,986,986,46
76920.0,21,21,False,43,116,13,0,0,1080,1037,1037,43
76980.0,21,21,False,57,130,13,0,3,1144,1087,1087,57
77040.0,21,21,False,45,118,9,0,1,1192,1147,1147,45
77100.0,21,21,False,37,110,14,0,4,1232,1195,1195,37
77160.0,21,21,False,42,115,15,0,0,1280,1238,1238,42
77220.0,21,21,False,35,108,17,8,1,1320,1285,1285,35
77280.0,21,21,False,28,101,14,0,2,1360,1332,1332,28
77340.0,21,21,False,34,107,21,0,3,1408,1374,1374,34
77400.0,21,21,False,28,101,17,0,1,1448,1420,1420,28
77460.0,21,21,False,31,104,23,0,1,1504,1473,1473,31
77520.0,21,21,False,47,120,32,0,0,1560,1513,1513,47
77580.0,21,21,False,43,116,28,0,0,1608,1565,1565,43
77640.0,21,21,False,46,119,20,0,0,1664,1618,1618,46
77700.0,21,21,False,46,119,14,2,0,1712,1666,1666,46
77760.0,21,21,False,46,122,12,5,0,1757,1711,1711,46
77820.0,21,21,False,47,120,18,8,0,1800,1753,1753,47
77880.0,21,21,False,31,104,7,0,0,1832,1801,1801,31
77940.0,21,21,False,48,121,4,0,0,1896,1848,1848,48
78000.0,21,21,False,45,118,13,0,1,1944,1899,1899,45
78060.0,21,21,False,37,110,8,0,1,1984,1947,1947,37
78120.0,21,21,False,39,112,15,0,1,2032,1993,1993,39
78180.0,21,21,False,50,123,17,0,2,2088,2038,2038,50
78240.0,21,21,False,51,124,23,0,1,2136,2085,2085,51
78300.0,21,21,False,56,129,25,0,1,2192,2136,2136,56
78360.0,21,21,False,42,115,25,8,2,2232,2190,2190,42
78420.0,21,21,False,31,104,17,0,0,2272,2241,2241,31
78480.0,21,21,False,44,117,18,0,0,2328,2284,2284,44
78540.0,21,21,False,25,98,8,0,0,2360,2335,2335,25
78600.0,21,21,False,45,118,8,0,0,2416,2371,2371,45
78660.0,21,21,False,45,118,5,0,0,2464,2419,2419,45
78720.0,21,21,False,40,113,11,0,2,2504,2464,2464,40
78780.0,21,21,False,54,119,15,0,2,2560,2506,2506,54
78840.0,21,21,False,54,119,13,8,2,2616,2562,2562,54
78900.0,21,21,False,49,90,14,0,0,2672,2623,2623,49
78960.0,21,21,False,33,74,16,0,3,2712,2679,2679,33
79020.0,21,21,False,30,71,15,0,0,2752,2722,2722,30
79080.0,21,21,False,31,72,16,0,1,2800,2769,2769,31
79140.0,21,21,False,44,61,22,0,0,2856,2812,2812,44
79200.0,22,22,False,27,28,18,0,0,0,0,0,27
79260.0,22,22,False,63,128,37,0,1,88,25,25,63
79320.0,22,22,False,22,87,10,0,0,112,90,90,22
79380.0,22,22,False,24,89,9,0,0,144,120,120,24
79440.0,22,22,False,18,83,5,0,0,176,158,158,18
79500.0,22,22,False,29,94,8,0,0,216,187,187,29
79560.0,22,22,False,20,85,3,0,1,240,220,220,20
79620.0,22,22,False,43,108,12,0,1,288,245,245,43
79680.0,22,22,False,28,93,9,0,0,312,284,284,28
79740.0,22,22,False,30,95,11,0,1,344,314,314,30
79800.0,22,22,False,25,90,7,0,1,376,351,351,25
79860.0,22,22,False,45,115,15,3,0,427,382,382,45
79920.0,22,22,False,19,84,5,0,0,448,429,429,19
79980.0,22,22,False,19,84,11,0,0,480,461,461,19
80040.0,22,22,False,30,95,14,0,1,520,490,490,30
80100.0,22,22,False,28,93,11,0,0,552,524,524,28
80160.0,22,22,False,53,118,31,0,0,608,555,555,53
80220.0,22,22,False,20,85,6,0,0,624,604,604,20
80280.0,22,22,False,31,96,15,0,0,664,633,633,31
80340.0,22,22,False,27,92,7,0,1,696,669,669,27
80400.0,22,22,False,30,95,10,0,0,728,698,698,30
80460.0,22,22,False,21,86,4,0,1,760,739,739,21
80520.0,22,22,False,49,114,8,0,2,816,767,767,49
80580.0,22,22,False,21,86,7,0,2,832,811,811,21
80640.0,22,22,False,16,81,7,0,1,856,840,840,16
80700.0,22,22,False,36,101,17,0,1,904,868,868,36
80760.0,22,22,False,23,88,7,0,0,928,905,905,23
80820.0,22,22,False,26,91,10,0,1,968,942,942,26
80880.0,22,22,False,28,93,7,0,1,1000,972,972,28
80940.0,22,22,False,30,95,22,0,0,1032,1002,1002,30
81000.0,22,22,False,30,95,17,0,1,1072,1042,1042,30
81060.0,22,22,False,51,116,24,4,3,1120,1069,1069,51
81120.0,22,22,False,31,96,10,0,2,1152,1121,1121,31
81180.0,22,22,False,40,105,8,0,0,1192,1152,1152,40
81240.0,22,22,False,21,86,6,0,0,1208,1187,1187,21
81300.0,22,22,False,20,85,6,0,0,1240,1220,1220,20
81360.0,22,22,False,28,93,5,0,0,1288,1260,1260,28
81420.0,22,22,False,17,82,1,0,1,1304,1287,1287,17
81480.0,22,22,False,34,99,7,0,1,1352,1318,1318,34
81540.0,22,22,False,21,86,10,0,2,1376,1355,1355,21
81600.0,22,22,False,27,92,14,0,0,1408,1381,1381,27
81660.0,22,22,False,28,93,10,0,0,1448,1420,1420,28
81720.0,22,22,False,41,106,22,0,0,1488,1447,1447,41
81780.0,22,22,False,17,82,6,0,2,1512,1495,1495,17
81840.0,22,22,False,34,99,20,0,0,1560,1526,1526,34
81900.0,22,22,False,39,104,18,0,0,1600,1561,1561,39
81960.0,22,22,False,24,105,16,8,0,1624,1600,1600,24
82020.0,22,22,False,36,101,14,0,0,1672,1636,1636,36
82080.0,22,22,False,27,92,6,0,0,1696,1669,1669,27
82140.0,22,22,False,26,91,8,0,1,1728,1702,1702,26
82200.0,22,22,False,28,93,9,0,1,1760,1732,1732,28
82260.0,22,22,False,31,96,11,8,2,1800,1769,1769,31
82320.0,22,22,False,16,81,1,0,1,1824,1808,1808,16
82380.0,22,22,False,52,109,22,0,1,1880,1828,1828,52
82440.0,22,22,False,17,74,7,0,0,1896,1879,1879,17
82500.0,22,22,False,32,89,17,0,0,1936,1904,1904,32
82560.0,22,22,False,26,83,18,0,0,1968,1942,1942,26
82620.0,22,22,False,38,95,12,1,1,2008,1970,1970,38
82680.0,22,22,False,20,77,11,0,1,2032,2012,2012,20
82740.0,22,22,False,28,69,12,0,0,2064,2036,2036,28
82800.0,23,23,False,39,40,21,0,1,0,0,0,39
82860.0,23,23,False,58,122,22,0,1,80,26,26,58
82920.0,23,23,False,11,75,3,0,0,88,77,77,11
82980.0,23,23,False,17,81,2,0,0,112,95,95,17
83040.0,23,23,False,24,88,8,0,1,136,112,112,24
83100.0,23,23,False,25,89,4,2,0,160,135,135,25
83160.0,23,23,False,16,80,5,0,0,176,160,160,16
83220.0,23,23,False,16,88,11,8,1,192,176,176,16
83280.0,23,23,False,17,81,10,8,1,224,207,207,17
83340.0,23,23,False,10,74,5,0,0,232,222,222,10
83400.0,23,23,False,23,87,4,0,0,256,233,233,23
83460.0,23,23,False,28,92,14,0,1,288,260,260,28
83520.0,23,23,False,9,73,9,0,0,296,287,287,9
83580.0,23,23,False,6,70,6,0,0,312,306,306,6
83640.0,23,23,False,26,92,8,1,0,342,316,316,26
83700.0,23,23,False,29,93,13,0,0,368,339,339,29
83760.0,23,23,False,15,79,3,0,0,384,369,369,15
83820.0,23,23,False,20,84,8,0,0,400,380,380,20
83880.0,23,23,False,22,86,5,0,1,432,410,410,22
83940.0,23,23,False,11,75,1,0,1,448,437,437,11
84000.0,23,23,False,25,89,8,0,1,472,447,447,25
84060.0,23,23,False,25,89,1,0,0,496,471,471,25
84120.0,23,23,False,11,75,5,0,0,512,501,501,11
84180.0,23,23,False,7,71,4,0,2,528,521,521,7
84240.0,23,23,False,29,93,11,0,0,560,531,531,29
84300.0,23,23,False,39,103,25,0,2,600,561,561,39
84360.0,23,23,False,6,70,4,0,1,608,602,602,6
84420.0,23,23,False,12,76,6,0,0,624,612,612,12
84480.0,23,23,False,25,89,9,0,0,656,631,631,25
84540.0,23,23,False,16,80,14,8,0,672,656,656,16
84600.0,23,23,False,24,88,11,0,0,696,672,672,24
84660.0,23,23,False,9,73,2,0,1,704,695,695,9
84720.0,23,23,False,24,88,3,0,0,736,712,712,24
84780.0,23,23,False,12,76,3,0,0,752,740,740,12
84840.0,23,23,False,14,78,6,0,0,768,754,754,14
84900.0,23,23,False,36,100,4,0,0,816,780,780,36
84960.0,23,23,False,10,74,3,0,1,824,814,814,10
85020.0,23,23,False,21,85,2,0,0,848,827,827,21
85080.0,23,23,False,9,73,5,0,0,856,847,847,9
85140.0,23,23,False,18,82,9,0,1,880,862,862,18
85200.0,23,23,False,20,84,9,0,0,912,892,892,20
85260.0,23,23,False,9,73,8,0,0,920,911,911,9
85320.0,23,23,False,28,92,4,0,0,952,924,924,28
85380.0,23,23,False,13,77,7,0,0,968,955,955,13
85440.0,23,23,False,8,72,4,0,0,976,968,968,8
85500.0,23,23,False,21,85,5,0,0,1008,987,987,21
85560.0,23,23,False,24,88,5,0,0,1032,1008,1008,24
85620.0,23,23,False,16,80,6,0,0,1048,1032,1032,16
85680.0,23,23,False,27,75,9,0,0,1080,1053,1053,27
85740.0,23,23,False,27,75,5,0,1,1104,1077,1077,27
85800.0,23,23,False,16,64,1,0,2,1128,1112,1112,16
85860.0,23,23,False,14,54,5,0,0,1152,1138,1138,14
85920.0,23,23,False,13,53,7,0,0,1168,1155,1155,13
85980.0,23,23,False,21,61,8,0,1,1200,1179,1179,21
86040.0,23,23,False,8,48,7,0,0,1208,1200,1200,8
86100.0,23,23,False,14,54,6,0,0,1232,1218,1218,14
86160.0,23,23,False,27,67,13,0,0,1264,1237,1237,27
86220.0,23,23,False,14,54,14,0,0,1280,1266,1266,14
86280.0,23,23,False,12,52,3,0,0,1296,1284,1284,12
86340.0,23,23,False,12,52,6,0,0,1304,1292,1292,12
86400.0,24,23,True,24,24,6,0,0,1344,1320,1320,24
