hour,start_edge,start_edge_vph,route_probability_sum,route_count
0,-A0_0,109.25551419334013,0.9999999999999982,37
0,-A0_1,109.25551419334013,0.9999999999999981,37
0,-A1_1,109.25551419334008,0.9999999999999976,37
0,-A2_0,109.25551419334013,0.9999999999999982,37
0,-A2_1,109.25551419334012,0.9999999999999981,37
0,-B0_0,109.25551419334008,0.9999999999999978,37
0,-B2_0,109.25551419334008,0.9999999999999978,37
0,-C0_0,109.25551419334012,0.999999999999998,37
0,-C0_1,109.25551419334012,0.999999999999998,37
0,-C1_1,109.25551419334008,0.9999999999999976,37
0,-C2_0,109.25551419334012,0.999999999999998,37
0,-C2_1,109.25551419334012,0.999999999999998,37
1,-A0_0,71.58057890558902,0.9999999999999982,37
1,-A0_1,71.58057890558902,0.9999999999999981,37
1,-A1_1,71.58057890558898,0.9999999999999976,37
1,-A2_0,71.58057890558902,0.9999999999999982,37
1,-A2_1,71.58057890558902,0.9999999999999981,37
1,-B0_0,71.580578905589,0.9999999999999978,37
1,-B2_0,71.580578905589,0.9999999999999978,37
1,-C0_0,71.58057890558901,0.999999999999998,37
1,-C0_1,71.58057890558901,0.999999999999998,37
1,-C1_1,71.58057890558898,0.9999999999999976,37
1,-C2_0,71.58057890558901,0.999999999999998,37
1,-C2_1,71.58057890558901,0.999999999999998,37
2,-A0_0,55.698117791313166,0.9999999999999982,37
2,-A0_1,55.69811779131316,0.9999999999999981,37
2,-A1_1,55.69811779131314,0.9999999999999976,37
2,-A2_0,55.698117791313166,0.9999999999999982,37
2,-A2_1,55.698117791313166,0.9999999999999981,37
2,-B0_0,55.69811779131314,0.9999999999999978,37
2,-B2_0,55.69811779131314,0.9999999999999978,37
2,-C0_0,55.69811779131315,0.999999999999998,37
2,-C0_1,55.69811779131315,0.999999999999998,37
2,-C1_1,55.69811779131314,0.9999999999999976,37
2,-C2_0,55.69811779131315,0.999999999999998,37
2,-C2_1,55.69811779131315,0.999999999999998,37
3,-A0_0,42.553752597241726,0.9999999999999982,37
3,-A0_1,42.553752597241726,0.9999999999999981,37
3,-A1_1,42.5537525972417,0.9999999999999976,37
3,-A2_0,42.553752597241726,0.9999999999999982,37
3,-A2_1,42.553752597241726,0.9999999999999981,37
3,-B0_0,42.553752597241704,0.9999999999999978,37
3,-B2_0,42.553752597241704,0.9999999999999978,37
3,-C0_0,42.553752597241726,0.999999999999998,37
3,-C0_1,42.553752597241726,0.999999999999998,37
3,-C1_1,42.5537525972417,0.9999999999999976,37
3,-C2_0,42.553752597241726,0.999999999999998,37
3,-C2_1,42.55375259724172,0.999999999999998,37
4,-A0_0,64.70829853914863,0.9999999999999982,37
4,-A0_1,64.70829853914861,0.9999999999999981,37
4,-A1_1,64.70829853914859,0.9999999999999976,37
4,-A2_0,64.70829853914863,0.9999999999999982,37
4,-A2_1,64.70829853914861,0.9999999999999981,37
4,-B0_0,64.70829853914859,0.9999999999999978,37
4,-B2_0,64.70829853914859,0.9999999999999978,37
4,-C0_0,64.70829853914861,0.999999999999998,37
4,-C0_1,64.70829853914861,0.999999999999998,37
4,-C1_1,64.70829853914859,0.9999999999999976,37
4,-C2_0,64.70829853914861,0.999999999999998,37
4,-C2_1,64.70829853914861,0.999999999999998,37
5,-A0_0,160.55360979555758,0.9999999999999982,37
5,-A0_1,160.55360979555755,0.9999999999999981,37
5,-A1_1,160.55360979555746,0.9999999999999976,37
5,-A2_0,160.55360979555758,0.9999999999999982,37
5,-A2_1,160.55360979555758,0.9999999999999981,37
5,-B0_0,160.5536097955575,0.9999999999999978,37
5,-B2_0,160.5536097955575,0.9999999999999978,37
5,-C0_0,160.55360979555755,0.999999999999998,37
5,-C0_1,160.55360979555755,0.999999999999998,37
5,-C1_1,160.55360979555746,0.9999999999999976,37
5,-C2_0,160.55360979555755,0.999999999999998,37
5,-C2_1,160.55360979555755,0.999999999999998,37
6,-A0_0,357.3351567298048,0.9999999999999982,37
6,-A0_1,357.33515672980485,0.9999999999999981,37
6,-A1_1,357.33515672980457,0.9999999999999976,37
6,-A2_0,357.3351567298048,0.9999999999999982,37
6,-A2_1,357.3351567298048,0.9999999999999981,37
6,-B0_0,357.3351567298047,0.9999999999999978,37
6,-B2_0,357.3351567298047,0.9999999999999978,37
6,-C0_0,357.3351567298048,0.999999999999998,37
6,-C0_1,357.3351567298048,0.999999999999998,37
6,-C1_1,357.3351567298046,0.9999999999999976,37
6,-C2_0,357.3351567298048,0.999999999999998,37
6,-C2_1,357.3351567298048,0.999999999999998,37
7,-A0_0,588.0880845517509,0.9999999999999982,37
7,-A0_1,588.0880845517507,0.9999999999999981,37
7,-A1_1,588.0880845517505,0.9999999999999976,37
7,-A2_0,588.0880845517509,0.9999999999999982,37
7,-A2_1,588.0880845517507,0.9999999999999981,37
7,-B0_0,588.0880845517505,0.9999999999999978,37
7,-B2_0,588.0880845517505,0.9999999999999978,37
7,-C0_0,588.0880845517507,0.999999999999998,37
7,-C0_1,588.0880845517507,0.999999999999998,37
7,-C1_1,588.0880845517505,0.9999999999999976,37
7,-C2_0,588.0880845517507,0.999999999999998,37
7,-C2_1,588.0880845517507,0.999999999999998,37
8,-A0_0,652.6756453428062,0.9999999999999982,37
8,-A0_1,652.6756453428061,0.9999999999999981,37
8,-A1_1,652.6756453428058,0.9999999999999976,37
8,-A2_0,652.6756453428062,0.9999999999999982,37
8,-A2_1,652.6756453428061,0.9999999999999981,37
8,-B0_0,652.6756453428059,0.9999999999999978,37
8,-B2_0,652.6756453428059,0.9999999999999978,37
8,-C0_0,652.6756453428061,0.999999999999998,37
8,-C0_1,652.6756453428061,0.999999999999998,37
8,-C1_1,652.6756453428058,0.9999999999999976,37
8,-C2_0,652.6756453428061,0.999999999999998,37
8,-C2_1,652.6756453428061,0.999999999999998,37
9,-A0_0,591.0994283895815,0.9999999999999982,37
9,-A0_1,591.0994283895814,0.9999999999999981,37
9,-A1_1,591.0994283895811,0.9999999999999976,37
9,-A2_0,591.0994283895815,0.9999999999999982,37
9,-A2_1,591.0994283895814,0.9999999999999981,37
9,-B0_0,591.0994283895811,0.9999999999999978,37
9,-B2_0,591.0994283895811,0.9999999999999978,37
9,-C0_0,591.0994283895814,0.999999999999998,37
9,-C0_1,591.0994283895814,0.999999999999998,37
9,-C1_1,591.0994283895811,0.9999999999999976,37
9,-C2_0,591.0994283895814,0.999999999999998,37
9,-C2_1,591.0994283895814,0.999999999999998,37
10,-A0_0,558.2411485076757,0.9999999999999982,37
10,-A0_1,558.2411485076757,0.9999999999999981,37
10,-A1_1,558.2411485076753,0.9999999999999976,37
10,-A2_0,558.2411485076757,0.9999999999999982,37
10,-A2_1,558.2411485076757,0.9999999999999981,37
10,-B0_0,558.2411485076755,0.9999999999999978,37
10,-B2_0,558.2411485076755,0.9999999999999978,37
10,-C0_0,558.2411485076757,0.999999999999998,37
10,-C0_1,558.2411485076756,0.999999999999998,37
10,-C1_1,558.2411485076753,0.9999999999999976,37
10,-C2_0,558.2411485076757,0.999999999999998,37
10,-C2_1,558.2411485076757,0.999999999999998,37
11,-A0_0,593.2640142529472,0.9999999999999982,37
11,-A0_1,593.264014252947,0.9999999999999981,37
11,-A1_1,593.2640142529468,0.9999999999999976,37
11,-A2_0,593.2640142529472,0.9999999999999982,37
11,-A2_1,593.264014252947,0.9999999999999981,37
11,-B0_0,593.2640142529468,0.9999999999999978,37
11,-B2_0,593.2640142529468,0.9999999999999978,37
11,-C0_0,593.264014252947,0.999999999999998,37
11,-C0_1,593.264014252947,0.999999999999998,37
11,-C1_1,593.2640142529468,0.9999999999999976,37
11,-C2_0,593.264014252947,0.999999999999998,37
11,-C2_1,593.264014252947,0.999999999999998,37
12,-A0_0,630.790520160742,0.9999999999999982,37
12,-A0_1,630.790520160742,0.9999999999999981,37
12,-A1_1,630.7905201607416,0.9999999999999976,37
12,-A2_0,630.790520160742,0.9999999999999982,37
12,-A2_1,630.7905201607418,0.9999999999999981,37
12,-B0_0,630.7905201607416,0.9999999999999978,37
12,-B2_0,630.7905201607416,0.9999999999999978,37
12,-C0_0,630.7905201607418,0.999999999999998,37
12,-C0_1,630.7905201607418,0.999999999999998,37
12,-C1_1,630.7905201607416,0.9999999999999976,37
12,-C2_0,630.7905201607418,0.999999999999998,37
12,-C2_1,630.7905201607418,0.999999999999998,37
13,-A0_0,641.9735806444564,0.9999999999999982,37
13,-A0_1,641.9735806444564,0.9999999999999981,37
13,-A1_1,641.973580644456,0.9999999999999976,37
13,-A2_0,641.9735806444564,0.9999999999999982,37
13,-A2_1,641.9735806444564,0.9999999999999981,37
13,-B0_0,641.9735806444561,0.9999999999999978,37
13,-B2_0,641.9735806444561,0.9999999999999978,37
13,-C0_0,641.9735806444563,0.999999999999998,37
13,-C0_1,641.9735806444563,0.999999999999998,37
13,-C1_1,641.973580644456,0.9999999999999976,37
13,-C2_0,641.9735806444563,0.999999999999998,37
13,-C2_1,641.9735806444563,0.999999999999998,37
14,-A0_0,678.4207804284661,0.9999999999999982,37
14,-A0_1,678.4207804284661,0.9999999999999981,37
14,-A1_1,678.4207804284657,0.9999999999999976,37
14,-A2_0,678.4207804284661,0.9999999999999982,37
14,-A2_1,678.4207804284661,0.9999999999999981,37
14,-B0_0,678.4207804284658,0.9999999999999978,37
14,-B2_0,678.4207804284658,0.9999999999999978,37
14,-C0_0,678.420780428466,0.999999999999998,37
14,-C0_1,678.420780428466,0.999999999999998,37
14,-C1_1,678.4207804284657,0.9999999999999976,37
14,-C2_0,678.420780428466,0.999999999999998,37
14,-C2_1,678.420780428466,0.999999999999998,37
15,-A0_0,743.2960829555391,0.9999999999999982,37
15,-A0_1,743.296082955539,0.9999999999999981,37
15,-A1_1,743.2960829555386,0.9999999999999976,37
15,-A2_0,743.2960829555391,0.9999999999999982,37
15,-A2_1,743.296082955539,0.9999999999999981,37
15,-B0_0,743.2960829555386,0.9999999999999978,37
15,-B2_0,743.2960829555386,0.9999999999999978,37
15,-C0_0,743.2960829555389,0.999999999999998,37
15,-C0_1,743.2960829555389,0.999999999999998,37
15,-C1_1,743.2960829555386,0.9999999999999976,37
15,-C2_0,743.2960829555389,0.999999999999998,37
15,-C2_1,743.2960829555389,0.999999999999998,37
16,-A0_0,798.4205314632688,0.9999999999999982,37
16,-A0_1,798.4205314632688,0.9999999999999981,37
16,-A1_1,798.4205314632684,0.9999999999999976,37
16,-A2_0,798.4205314632688,0.9999999999999982,37
16,-A2_1,798.4205314632688,0.9999999999999981,37
16,-B0_0,798.4205314632686,0.9999999999999978,37
16,-B2_0,798.4205314632685,0.9999999999999978,37
16,-C0_0,798.4205314632688,0.999999999999998,37
16,-C0_1,798.4205314632687,0.999999999999998,37
16,-C1_1,798.4205314632684,0.9999999999999976,37
16,-C2_0,798.4205314632688,0.999999999999998,37
16,-C2_1,798.4205314632687,0.999999999999998,37
17,-A0_0,815.6103622645904,0.9999999999999982,37
17,-A0_1,815.6103622645904,0.9999999999999981,37
17,-A1_1,815.61036226459,0.9999999999999976,37
17,-A2_0,815.6103622645904,0.9999999999999982,37
17,-A2_1,815.6103622645904,0.9999999999999981,37
17,-B0_0,815.6103622645901,0.9999999999999978,37
17,-B2_0,815.6103622645901,0.9999999999999978,37
17,-C0_0,815.6103622645903,0.999999999999998,37
17,-C0_1,815.6103622645903,0.999999999999998,37
17,-C1_1,815.61036226459,0.9999999999999976,37
17,-C2_0,815.6103622645903,0.999999999999998,37
17,-C2_1,815.6103622645903,0.999999999999998,37
18,-A0_0,682.653714743856,0.9999999999999982,37
18,-A0_1,682.653714743856,0.9999999999999981,37
18,-A1_1,682.6537147438556,0.9999999999999976,37
18,-A2_0,682.653714743856,0.9999999999999982,37
18,-A2_1,682.653714743856,0.9999999999999981,37
18,-B0_0,682.6537147438556,0.9999999999999978,37
18,-B2_0,682.6537147438557,0.9999999999999978,37
18,-C0_0,682.6537147438559,0.999999999999998,37
18,-C0_1,682.6537147438559,0.999999999999998,37
18,-C1_1,682.6537147438556,0.9999999999999976,37
18,-C2_0,682.6537147438559,0.999999999999998,37
18,-C2_1,682.6537147438559,0.999999999999998,37
19,-A0_0,509.47385788545614,0.9999999999999982,37
19,-A0_1,509.4738578854561,0.9999999999999981,37
19,-A1_1,509.4738578854558,0.9999999999999976,37
19,-A2_0,509.47385788545614,0.9999999999999982,37
19,-A2_1,509.4738578854561,0.9999999999999981,37
19,-B0_0,509.4738578854559,0.9999999999999978,37
19,-B2_0,509.4738578854559,0.9999999999999978,37
19,-C0_0,509.473857885456,0.999999999999998,37
19,-C0_1,509.473857885456,0.999999999999998,37
19,-C1_1,509.4738578854558,0.9999999999999976,37
19,-C2_0,509.473857885456,0.999999999999998,37
19,-C2_1,509.473857885456,0.999999999999998,37
20,-A0_0,411.83380275624864,0.9999999999999982,37
20,-A0_1,411.83380275624864,0.9999999999999981,37
20,-A1_1,411.8338027562484,0.9999999999999976,37
20,-A2_0,411.83380275624864,0.9999999999999982,37
20,-A2_1,411.83380275624864,0.9999999999999981,37
20,-B0_0,411.8338027562485,0.9999999999999978,37
20,-B2_0,411.8338027562485,0.9999999999999978,37
20,-C0_0,411.8338027562486,0.999999999999998,37
20,-C0_1,411.8338027562486,0.999999999999998,37
20,-C1_1,411.8338027562484,0.9999999999999976,37
20,-C2_0,411.8338027562486,0.999999999999998,37
20,-C2_1,411.8338027562486,0.999999999999998,37
21,-A0_0,357.6755260447195,0.9999999999999982,37
21,-A0_1,357.67552604471945,0.9999999999999981,37
21,-A1_1,357.6755260447193,0.9999999999999976,37
21,-A2_0,357.6755260447195,0.9999999999999982,37
21,-A2_1,357.67552604471945,0.9999999999999981,37
21,-B0_0,357.67552604471933,0.9999999999999978,37
21,-B2_0,357.67552604471933,0.9999999999999978,37
21,-C0_0,357.67552604471945,0.999999999999998,37
21,-C0_1,357.67552604471945,0.999999999999998,37
21,-C1_1,357.6755260447193,0.9999999999999976,37
21,-C2_0,357.67552604471945,0.999999999999998,37
21,-C2_1,357.67552604471945,0.999999999999998,37
22,-A0_0,259.40034729966027,0.9999999999999982,37
22,-A0_1,259.40034729966027,0.9999999999999981,37
22,-A1_1,259.4003472996601,0.9999999999999976,37
22,-A2_0,259.40034729966027,0.9999999999999982,37
22,-A2_1,259.4003472996602,0.9999999999999981,37
22,-B0_0,259.40034729966015,0.9999999999999978,37
22,-B2_0,259.40034729966015,0.9999999999999978,37
22,-C0_0,259.4003472996602,0.999999999999998,37
22,-C0_1,259.4003472996602,0.999999999999998,37
22,-C1_1,259.4003472996601,0.9999999999999976,37
22,-C2_0,259.4003472996602,0.999999999999998,37
22,-C2_1,259.4003472996602,0.999999999999998,37
23,-A0_0,162.97102400605579,0.9999999999999982,37
23,-A0_1,162.97102400605576,0.9999999999999981,37
23,-A1_1,162.9710240060557,0.9999999999999976,37
23,-A2_0,162.97102400605579,0.9999999999999982,37
23,-A2_1,162.97102400605576,0.9999999999999981,37
23,-B0_0,162.9710240060557,0.9999999999999978,37
23,-B2_0,162.9710240060557,0.9999999999999978,37
23,-C0_0,162.97102400605576,0.999999999999998,37
23,-C0_1,162.97102400605576,0.999999999999998,37
23,-C1_1,162.9710240060557,0.9999999999999976,37
23,-C2_0,162.97102400605576,0.999999999999998,37
23,-C2_1,162.97102400605576,0.999999999999998,37
