route_id,start_edge,route_edges,movement_sequence,decisions,raw_probability,normalized_probability
r0,-E7,-E7 E6,right,1,0.1468584885038076,0.14961134588312322
r1,-E7,-E7 A1B1 E1,left straight,2,0.1037236572125616,0.10566795364429155
r2,-E7,-E7 A1B1 B1B0 E4,left right left,3,0.003167358062649563,0.003226730081962384
r3,-E7,-E7 A1B1 B1B0 E2,left right straight,3,0.015232699520323858,0.015518235955491065
r4,-E7,-E7 A1B1 E0,left left,2,0.021567415645622985,0.021971696119415834
r5,-E7,-E7 A1A0 E5,straight right,2,0.1037236572125616,0.10566795364429155
r6,-E7,-E7 A1A0 A0B0 E4,straight left straight,3,0.07325825817191388,0.07463148173330941
r7,-E7,-E7 A1A0 A0B0 E2,straight left right,3,0.015232699520323858,0.015518235955491065
r8,-E7,-E7 A1A0 E3,straight straight,2,0.4988357085672615,0.508186366982624
r9,-E6,-E6 A1B1 E1,straight straight,2,0.4988357085672615,0.508186366982624
r10,-E6,-E6 A1B1 B1B0 E4,straight right left,3,0.015232699520323858,0.015518235955491065
r11,-E6,-E6 A1B1 B1B0 E2,straight right straight,3,0.07325825817191388,0.07463148173330941
r12,-E6,-E6 A1B1 E0,straight left,2,0.1037236572125616,0.10566795364429155
r13,-E6,-E6 A1A0 E5,right right,2,0.021567415645622985,0.021971696119415834
r14,-E6,-E6 A1A0 A0B0 E4,right left straight,3,0.015232699520323858,0.015518235955491065
r15,-E6,-E6 A1A0 A0B0 E2,right left right,3,0.003167358062649563,0.003226730081962384
r16,-E6,-E6 A1A0 E3,right straight,2,0.1037236572125616,0.10566795364429155
r17,-E6,-E6 E7,left,1,0.1468584885038076,0.14961134588312322
r18,-E0,-E0 B1A1 E6,right straight,2,0.1037236572125616,0.10566795364429155
r19,-E0,-E0 B1A1 A1A0 E5,right left right,3,0.003167358062649563,0.003226730081962384
r20,-E0,-E0 B1A1 A1A0 E3,right left straight,3,0.015232699520323858,0.015518235955491065
r21,-E0,-E0 B1A1 E7,right right,2,0.021567415645622985,0.021971696119415834
r22,-E0,-E0 E1,left,1,0.1468584885038076,0.14961134588312322
r23,-E0,-E0 B1B0 B0A0 E5,straight right straight,3,0.07325825817191388,0.07463148173330941
r24,-E0,-E0 B1B0 B0A0 E3,straight right left,3,0.015232699520323858,0.015518235955491065
r25,-E0,-E0 B1B0 E4,straight left,2,0.1037236572125616,0.10566795364429155
r26,-E0,-E0 B1B0 E2,straight straight,2,0.4988357085672615,0.508186366982624
r27,-E1,-E1 B1A1 E6,straight straight,2,0.4988357085672615,0.508186366982624
r28,-E1,-E1 B1A1 A1A0 E5,straight left right,3,0.015232699520323858,0.015518235955491065
r29,-E1,-E1 B1A1 A1A0 E3,straight left straight,3,0.07325825817191388,0.07463148173330941
r30,-E1,-E1 B1A1 E7,straight right,2,0.1037236572125616,0.10566795364429155
r31,-E1,-E1 B1B0 B0A0 E5,left right straight,3,0.015232699520323858,0.015518235955491065
r32,-E1,-E1 B1B0 B0A0 E3,left right left,3,0.003167358062649563,0.003226730081962384
r33,-E1,-E1 B1B0 E4,left left,2,0.021567415645622985,0.021971696119415834
r34,-E1,-E1 B1B0 E2,left straight,2,0.1037236572125616,0.10566795364429155
r35,-E1,-E1 E0,right,1,0.1468584885038076,0.14961134588312322
r36,-E5,-E5 A0B0 E4,straight straight,2,0.4988357085672615,0.508186366982624
r37,-E5,-E5 A0B0 E2,straight right,2,0.1037236572125616,0.10566795364429155
r38,-E5,-E5 A0B0 B0B1 E1,straight left right,3,0.015232699520323858,0.015518235955491065
r39,-E5,-E5 A0B0 B0B1 E0,straight left straight,3,0.07325825817191388,0.07463148173330941
r40,-E5,-E5 E3,right,1,0.1468584885038076,0.14961134588312322
r41,-E5,-E5 A0A1 E6,left left,2,0.021567415645622985,0.021971696119415834
r42,-E5,-E5 A0A1 A1B1 E1,left right straight,3,0.015232699520323858,0.015518235955491065
r43,-E5,-E5 A0A1 A1B1 E0,left right left,3,0.003167358062649563,0.003226730081962384
r44,-E5,-E5 A0A1 E7,left straight,2,0.1037236572125616,0.10566795364429155
r45,-E3,-E3 E5,left,1,0.1468584885038076,0.14961134588312322
r46,-E3,-E3 A0B0 E4,right straight,2,0.1037236572125616,0.10566795364429155
r47,-E3,-E3 A0B0 E2,right right,2,0.021567415645622985,0.021971696119415834
r48,-E3,-E3 A0B0 B0B1 E1,right left right,3,0.003167358062649563,0.003226730081962384
r49,-E3,-E3 A0B0 B0B1 E0,right left straight,3,0.015232699520323858,0.015518235955491065
r50,-E3,-E3 A0A1 E6,straight left,2,0.1037236572125616,0.10566795364429155
r51,-E3,-E3 A0A1 A1B1 E1,straight right straight,3,0.07325825817191388,0.07463148173330941
r52,-E3,-E3 A0A1 A1B1 E0,straight right left,3,0.015232699520323858,0.015518235955491065
r53,-E3,-E3 A0A1 E7,straight straight,2,0.4988357085672615,0.508186366982624
r54,-E4,-E4 B0A0 E5,straight straight,2,0.4988357085672615,0.508186366982624
r55,-E4,-E4 B0A0 E3,straight left,2,0.1037236572125616,0.10566795364429155
r56,-E4,-E4 B0A0 A0A1 E6,straight right left,3,0.015232699520323858,0.015518235955491065
r57,-E4,-E4 B0A0 A0A1 E7,straight right straight,3,0.07325825817191388,0.07463148173330941
r58,-E4,-E4 E2,left,1,0.1468584885038076,0.14961134588312322
r59,-E4,-E4 B0B1 B1A1 E6,right left straight,3,0.015232699520323858,0.015518235955491065
r60,-E4,-E4 B0B1 B1A1 E7,right left right,3,0.003167358062649563,0.003226730081962384
r61,-E4,-E4 B0B1 E1,right right,2,0.021567415645622985,0.021971696119415834
r62,-E4,-E4 B0B1 E0,right straight,2,0.1037236572125616,0.10566795364429155
r63,-E2,-E2 B0A0 E5,left straight,2,0.1037236572125616,0.10566795364429155
r64,-E2,-E2 B0A0 E3,left left,2,0.021567415645622985,0.021971696119415834
r65,-E2,-E2 B0A0 A0A1 E6,left right left,3,0.003167358062649563,0.003226730081962384
r66,-E2,-E2 B0A0 A0A1 E7,left right straight,3,0.015232699520323858,0.015518235955491065
r67,-E2,-E2 E4,right,1,0.1468584885038076,0.14961134588312322
r68,-E2,-E2 B0B1 B1A1 E6,straight left straight,3,0.07325825817191388,0.07463148173330941
r69,-E2,-E2 B0B1 B1A1 E7,straight left right,3,0.015232699520323858,0.015518235955491065
r70,-E2,-E2 B0B1 E1,straight right,2,0.1037236572125616,0.10566795364429155
r71,-E2,-E2 B0B1 E0,straight straight,2,0.4988357085672615,0.508186366982624
