table,grid,condition,item,metric,value,n,ci_low,ci_high,standard_deviation,minimum,maximum,qaoa_mean,exact_global,hedges_g,median,level,rank
1,2x2,alpha=0.5,Fixed-Time,average_travel_time,102.91,1,,,,,,,,,,,
1,2x2,alpha=0.5,Fixed-Time,average_waiting_time,44.2,1,,,,,,,,,,,
1,2x2,alpha=0.5,Fixed-Time,throughput,887.0,1,,,,,,,,,,,
1,2x2,alpha=0.5,Classical Local,average_travel_time,99.41,1,,,,,,,,,,,
1,2x2,alpha=0.5,Classical Local,average_waiting_time,32.65,1,,,,,,,,,,,
1,2x2,alpha=0.5,Classical Local,throughput,889.0,1,,,,,,,,,,,
1,2x2,alpha=0.5,Classical Global,average_travel_time,87.49,1,,,,,,,,,,,
1,2x2,alpha=0.5,Classical Global,average_waiting_time,30.61,1,,,,,,,,,,,
1,2x2,alpha=0.5,Classical Global,throughput,1028.0,1,,,,,,,,,,,
1,2x2,alpha=0.5,Max-Pressure,average_travel_time,89.31,1,,,,,,,,,,,
1,2x2,alpha=0.5,Max-Pressure,average_waiting_time,30.85,1,,,,,,,,,,,
1,2x2,alpha=0.5,Max-Pressure,throughput,1043.0,1,,,,,,,,,,,
1,2x2,alpha=0.5,SCOOT,average_travel_time,105.36,1,,,,,,,,,,,
1,2x2,alpha=0.5,SCOOT,average_waiting_time,44.54,1,,,,,,,,,,,
1,2x2,alpha=0.5,SCOOT,throughput,863.0,1,,,,,,,,,,,
1,2x2,alpha=0.5,PressLight,average_travel_time,103.03,1,,,,,,,,,,,
1,2x2,alpha=0.5,PressLight,average_waiting_time,36.34,1,,,,,,,,,,,
1,2x2,alpha=0.5,PressLight,throughput,768.0,1,,,,,,,,,,,
1,2x2,alpha=0.5,MPLight,average_travel_time,99.18,1,,,,,,,,,,,
1,2x2,alpha=0.5,MPLight,average_waiting_time,34.4,1,,,,,,,,,,,
1,2x2,alpha=0.5,MPLight,throughput,807.0,1,,,,,,,,,,,
1,2x2,alpha=0.5,CoLight,average_travel_time,91.03,1,,,,,,,,,,,
1,2x2,alpha=0.5,CoLight,average_waiting_time,30.82,1,,,,,,,,,,,
1,2x2,alpha=0.5,CoLight,throughput,930.0,1,,,,,,,,,,,
1,2x2,alpha=0.5,QAOA,average_travel_time,87.58949999999999,20,87.3665,88.03349999999999,,,,,,,,,
1,2x2,alpha=0.5,QAOA,average_waiting_time,29.92799999999999,20,29.806499999999993,30.168999999999993,,,,,,,,,
1,2x2,alpha=0.5,QAOA,throughput,1024.85,20,1022.55,1026.0,,,,,,,,,
1,2x2,alpha=0.7,Fixed-Time,average_travel_time,104.29,1,,,,,,,,,,,
1,2x2,alpha=0.7,Fixed-Time,average_waiting_time,46.47,1,,,,,,,,,,,
1,2x2,alpha=0.7,Fixed-Time,throughput,826.0,1,,,,,,,,,,,
1,2x2,alpha=0.7,Classical Local,average_travel_time,97.47,1,,,,,,,,,,,
1,2x2,alpha=0.7,Classical Local,average_waiting_time,39.29,1,,,,,,,,,,,
1,2x2,alpha=0.7,Classical Local,throughput,941.0,1,,,,,,,,,,,
1,2x2,alpha=0.7,Classical Global,average_travel_time,97.37,1,,,,,,,,,,,
1,2x2,alpha=0.7,Classical Global,average_waiting_time,39.01,1,,,,,,,,,,,
1,2x2,alpha=0.7,Classical Global,throughput,928.0,1,,,,,,,,,,,
1,2x2,alpha=0.7,Max-Pressure,average_travel_time,96.96,1,,,,,,,,,,,
1,2x2,alpha=0.7,Max-Pressure,average_waiting_time,39.11,1,,,,,,,,,,,
1,2x2,alpha=0.7,Max-Pressure,throughput,906.0,1,,,,,,,,,,,
1,2x2,alpha=0.7,SCOOT,average_travel_time,108.0,1,,,,,,,,,,,
1,2x2,alpha=0.7,SCOOT,average_waiting_time,46.84,1,,,,,,,,,,,
1,2x2,alpha=0.7,SCOOT,throughput,810.0,1,,,,,,,,,,,
1,2x2,alpha=0.7,PressLight,average_travel_time,94.97,1,,,,,,,,,,,
1,2x2,alpha=0.7,PressLight,average_waiting_time,39.28,1,,,,,,,,,,,
1,2x2,alpha=0.7,PressLight,throughput,922.0,1,,,,,,,,,,,
1,2x2,alpha=0.7,MPLight,average_travel_time,96.73,1,,,,,,,,,,,
1,2x2,alpha=0.7,MPLight,average_waiting_time,39.45,1,,,,,,,,,,,
1,2x2,alpha=0.7,MPLight,throughput,958.0,1,,,,,,,,,,,
1,2x2,alpha=0.7,CoLight,average_travel_time,89.54,1,,,,,,,,,,,
1,2x2,alpha=0.7,CoLight,average_waiting_time,36.85,1,,,,,,,,,,,
1,2x2,alpha=0.7,CoLight,throughput,961.0,1,,,,,,,,,,,
1,2x2,alpha=0.7,QAOA,average_travel_time,96.3935,20,95.7035,97.16499999999999,,,,,,,,,
1,2x2,alpha=0.7,QAOA,average_waiting_time,38.662499999999994,20,38.4894875,38.867025000000005,,,,,,,,,
1,2x2,alpha=0.7,QAOA,throughput,942.35,20,933.6,950.1025,,,,,,,,,
1,2x2,alpha=1.0,Fixed-Time,average_travel_time,72.53,1,,,,,,,,,,,
1,2x2,alpha=1.0,Fixed-Time,average_waiting_time,39.54,1,,,,,,,,,,,
1,2x2,alpha=1.0,Fixed-Time,throughput,939.0,1,,,,,,,,,,,
1,2x2,alpha=1.0,Classical Local,average_travel_time,86.8,1,,,,,,,,,,,
1,2x2,alpha=1.0,Classical Local,average_waiting_time,37.07,1,,,,,,,,,,,
1,2x2,alpha=1.0,Classical Local,throughput,758.0,1,,,,,,,,,,,
1,2x2,alpha=1.0,Classical Global,average_travel_time,91.88,1,,,,,,,,,,,
1,2x2,alpha=1.0,Classical Global,average_waiting_time,38.59,1,,,,,,,,,,,
1,2x2,alpha=1.0,Classical Global,throughput,711.0,1,,,,,,,,,,,
1,2x2,alpha=1.0,Max-Pressure,average_travel_time,91.67,1,,,,,,,,,,,
1,2x2,alpha=1.0,Max-Pressure,average_waiting_time,38.76,1,,,,,,,,,,,
1,2x2,alpha=1.0,Max-Pressure,throughput,707.0,1,,,,,,,,,,,
1,2x2,alpha=1.0,SCOOT,average_travel_time,72.97,1,,,,,,,,,,,
1,2x2,alpha=1.0,SCOOT,average_waiting_time,39.95,1,,,,,,,,,,,
1,2x2,alpha=1.0,SCOOT,throughput,929.0,1,,,,,,,,,,,
1,2x2,alpha=1.0,PressLight,average_travel_time,89.44,1,,,,,,,,,,,
1,2x2,alpha=1.0,PressLight,average_waiting_time,37.76,1,,,,,,,,,,,
1,2x2,alpha=1.0,PressLight,throughput,752.0,1,,,,,,,,,,,
1,2x2,alpha=1.0,MPLight,average_travel_time,88.42,1,,,,,,,,,,,
1,2x2,alpha=1.0,MPLight,average_waiting_time,36.8,1,,,,,,,,,,,
1,2x2,alpha=1.0,MPLight,throughput,756.0,1,,,,,,,,,,,
1,2x2,alpha=1.0,CoLight,average_travel_time,86.9,1,,,,,,,,,,,
1,2x2,alpha=1.0,CoLight,average_waiting_time,35.32,1,,,,,,,,,,,
1,2x2,alpha=1.0,CoLight,throughput,733.0,1,,,,,,,,,,,
1,2x2,alpha=1.0,QAOA,average_travel_time,91.36800000000001,20,91.03200000000001,91.816,,,,,,,,,
1,2x2,alpha=1.0,QAOA,average_waiting_time,38.03200000000001,20,37.87300000000001,38.24400000000001,,,,,,,,,
1,2x2,alpha=1.0,QAOA,throughput,719.4,20,717.8,720.6,,,,,,,,,
2,3x3,alpha=0.5,Fixed-Time,average_travel_time,182.94,1,,,,,,,,,,,
2,3x3,alpha=0.5,Fixed-Time,average_waiting_time,53.56,1,,,,,,,,,,,
2,3x3,alpha=0.5,Fixed-Time,throughput,822.0,1,,,,,,,,,,,
2,3x3,alpha=0.5,Classical Local,average_travel_time,151.43,1,,,,,,,,,,,
2,3x3,alpha=0.5,Classical Local,average_waiting_time,41.91,1,,,,,,,,,,,
2,3x3,alpha=0.5,Classical Local,throughput,1156.0,1,,,,,,,,,,,
2,3x3,alpha=0.5,Classical Global,average_travel_time,157.2,1,,,,,,,,,,,
2,3x3,alpha=0.5,Classical Global,average_waiting_time,40.75,1,,,,,,,,,,,
2,3x3,alpha=0.5,Classical Global,throughput,1017.0,1,,,,,,,,,,,
2,3x3,alpha=0.5,Max-Pressure,average_travel_time,164.17,1,,,,,,,,,,,
2,3x3,alpha=0.5,Max-Pressure,average_waiting_time,44.51,1,,,,,,,,,,,
2,3x3,alpha=0.5,Max-Pressure,throughput,1144.0,1,,,,,,,,,,,
2,3x3,alpha=0.5,SCOOT,average_travel_time,195.86,1,,,,,,,,,,,
2,3x3,alpha=0.5,SCOOT,average_waiting_time,54.87,1,,,,,,,,,,,
2,3x3,alpha=0.5,SCOOT,throughput,819.0,1,,,,,,,,,,,
2,3x3,alpha=0.5,PressLight,average_travel_time,152.05,1,,,,,,,,,,,
2,3x3,alpha=0.5,PressLight,average_waiting_time,43.19,1,,,,,,,,,,,
2,3x3,alpha=0.5,PressLight,throughput,841.0,1,,,,,,,,,,,
2,3x3,alpha=0.5,MPLight,average_travel_time,149.56,1,,,,,,,,,,,
2,3x3,alpha=0.5,MPLight,average_waiting_time,40.17,1,,,,,,,,,,,
2,3x3,alpha=0.5,MPLight,throughput,1026.0,1,,,,,,,,,,,
2,3x3,alpha=0.5,CoLight,average_travel_time,157.45,1,,,,,,,,,,,
2,3x3,alpha=0.5,CoLight,average_waiting_time,42.81,1,,,,,,,,,,,
2,3x3,alpha=0.5,CoLight,throughput,1202.0,1,,,,,,,,,,,
2,3x3,alpha=0.5,QAOA,average_travel_time,170.50799999999998,20,167.0764625,174.12256250000002,,,,,,,,,
2,3x3,alpha=0.5,QAOA,average_waiting_time,42.365,20,41.933975,42.811525,,,,,,,,,
2,3x3,alpha=0.5,QAOA,throughput,1138.85,20,1122.64875,1155.1512500000001,,,,,,,,,
2,3x3,alpha=0.7,Fixed-Time,average_travel_time,227.21,1,,,,,,,,,,,
2,3x3,alpha=0.7,Fixed-Time,average_waiting_time,56.07,1,,,,,,,,,,,
2,3x3,alpha=0.7,Fixed-Time,throughput,750.0,1,,,,,,,,,,,
2,3x3,alpha=0.7,Classical Local,average_travel_time,182.23,1,,,,,,,,,,,
2,3x3,alpha=0.7,Classical Local,average_waiting_time,44.21,1,,,,,,,,,,,
2,3x3,alpha=0.7,Classical Local,throughput,944.0,1,,,,,,,,,,,
2,3x3,alpha=0.7,Classical Global,average_travel_time,196.47,1,,,,,,,,,,,
2,3x3,alpha=0.7,Classical Global,average_waiting_time,43.54,1,,,,,,,,,,,
2,3x3,alpha=0.7,Classical Global,throughput,940.0,1,,,,,,,,,,,
2,3x3,alpha=0.7,Max-Pressure,average_travel_time,200.24,1,,,,,,,,,,,
2,3x3,alpha=0.7,Max-Pressure,average_waiting_time,47.16,1,,,,,,,,,,,
2,3x3,alpha=0.7,Max-Pressure,throughput,925.0,1,,,,,,,,,,,
2,3x3,alpha=0.7,SCOOT,average_travel_time,227.22,1,,,,,,,,,,,
2,3x3,alpha=0.7,SCOOT,average_waiting_time,55.92,1,,,,,,,,,,,
2,3x3,alpha=0.7,SCOOT,throughput,664.0,1,,,,,,,,,,,
2,3x3,alpha=0.7,PressLight,average_travel_time,210.47,1,,,,,,,,,,,
2,3x3,alpha=0.7,PressLight,average_waiting_time,48.7,1,,,,,,,,,,,
2,3x3,alpha=0.7,PressLight,throughput,784.0,1,,,,,,,,,,,
2,3x3,alpha=0.7,MPLight,average_travel_time,191.92,1,,,,,,,,,,,
2,3x3,alpha=0.7,MPLight,average_waiting_time,45.59,1,,,,,,,,,,,
2,3x3,alpha=0.7,MPLight,throughput,946.0,1,,,,,,,,,,,
2,3x3,alpha=0.7,CoLight,average_travel_time,185.92,1,,,,,,,,,,,
2,3x3,alpha=0.7,CoLight,average_waiting_time,44.5,1,,,,,,,,,,,
2,3x3,alpha=0.7,CoLight,throughput,978.0,1,,,,,,,,,,,
2,3x3,alpha=0.7,QAOA,average_travel_time,197.496,20,194.8654875,199.88001250000005,,,,,,,,,
2,3x3,alpha=0.7,QAOA,average_waiting_time,43.746,20,43.39748750000001,44.0455,,,,,,,,,
2,3x3,alpha=0.7,QAOA,throughput,979.9,20,966.7987499999999,994.2,,,,,,,,,
2,3x3,alpha=1.0,Fixed-Time,average_travel_time,196.64,1,,,,,,,,,,,
2,3x3,alpha=1.0,Fixed-Time,average_waiting_time,57.8,1,,,,,,,,,,,
2,3x3,alpha=1.0,Fixed-Time,throughput,627.0,1,,,,,,,,,,,
2,3x3,alpha=1.0,Classical Local,average_travel_time,130.33,1,,,,,,,,,,,
2,3x3,alpha=1.0,Classical Local,average_waiting_time,41.92,1,,,,,,,,,,,
2,3x3,alpha=1.0,Classical Local,throughput,1072.0,1,,,,,,,,,,,
2,3x3,alpha=1.0,Classical Global,average_travel_time,135.48,1,,,,,,,,,,,
2,3x3,alpha=1.0,Classical Global,average_waiting_time,40.51,1,,,,,,,,,,,
2,3x3,alpha=1.0,Classical Global,throughput,1008.0,1,,,,,,,,,,,
2,3x3,alpha=1.0,Max-Pressure,average_travel_time,127.31,1,,,,,,,,,,,
2,3x3,alpha=1.0,Max-Pressure,average_waiting_time,40.46,1,,,,,,,,,,,
2,3x3,alpha=1.0,Max-Pressure,throughput,1096.0,1,,,,,,,,,,,
2,3x3,alpha=1.0,SCOOT,average_travel_time,200.68,1,,,,,,,,,,,
2,3x3,alpha=1.0,SCOOT,average_waiting_time,58.16,1,,,,,,,,,,,
2,3x3,alpha=1.0,SCOOT,throughput,620.0,1,,,,,,,,,,,
2,3x3,alpha=1.0,PressLight,average_travel_time,136.39,1,,,,,,,,,,,
2,3x3,alpha=1.0,PressLight,average_waiting_time,43.72,1,,,,,,,,,,,
2,3x3,alpha=1.0,PressLight,throughput,1031.0,1,,,,,,,,,,,
2,3x3,alpha=1.0,MPLight,average_travel_time,132.84,1,,,,,,,,,,,
2,3x3,alpha=1.0,MPLight,average_waiting_time,39.09,1,,,,,,,,,,,
2,3x3,alpha=1.0,MPLight,throughput,1051.0,1,,,,,,,,,,,
2,3x3,alpha=1.0,CoLight,average_travel_time,128.91,1,,,,,,,,,,,
2,3x3,alpha=1.0,CoLight,average_waiting_time,39.23,1,,,,,,,,,,,
2,3x3,alpha=1.0,CoLight,throughput,1011.0,1,,,,,,,,,,,
2,3x3,alpha=1.0,QAOA,average_travel_time,134.63349999999997,20,133.51550000000003,135.7710125,,,,,,,,,
2,3x3,alpha=1.0,QAOA,average_waiting_time,40.513000000000005,20,40.187,40.833000000000006,,,,,,,,,
2,3x3,alpha=1.0,QAOA,throughput,1014.55,20,1009.95,1019.25,,,,,,,,,
3,2x2,full-day,Fixed-Time,average_travel_time,77.0,1,,,,,,,,,,,
3,2x2,full-day,Fixed-Time,average_waiting_time,34.4,1,,,,,,,,,,,
3,2x2,full-day,Fixed-Time,throughput,63111.0,1,,,,,,,,,,,
3,2x2,full-day,Classical Local,average_travel_time,54.68,1,,,,,,,,,,,
3,2x2,full-day,Classical Local,average_waiting_time,20.15,1,,,,,,,,,,,
3,2x2,full-day,Classical Local,throughput,63143.0,1,,,,,,,,,,,
3,2x2,full-day,Classical Global,average_travel_time,55.67,1,,,,,,,,,,,
3,2x2,full-day,Classical Global,average_waiting_time,20.19,1,,,,,,,,,,,
3,2x2,full-day,Classical Global,throughput,63185.0,1,,,,,,,,,,,
3,2x2,full-day,Max-Pressure,average_travel_time,52.62,1,,,,,,,,,,,
3,2x2,full-day,Max-Pressure,average_waiting_time,16.58,1,,,,,,,,,,,
3,2x2,full-day,Max-Pressure,throughput,63197.0,1,,,,,,,,,,,
3,2x2,full-day,SCOOT,average_travel_time,67.01,1,,,,,,,,,,,
3,2x2,full-day,SCOOT,average_waiting_time,28.54,1,,,,,,,,,,,
3,2x2,full-day,SCOOT,throughput,63068.0,1,,,,,,,,,,,
3,2x2,full-day,PressLight,average_travel_time,63.07,1,,,,,,,,,,,
3,2x2,full-day,PressLight,average_waiting_time,26.83,1,,,,,,,,,,,
3,2x2,full-day,PressLight,throughput,63233.0,1,,,,,,,,,,,
3,2x2,full-day,MPLight,average_travel_time,54.09,1,,,,,,,,,,,
3,2x2,full-day,MPLight,average_waiting_time,19.39,1,,,,,,,,,,,
3,2x2,full-day,MPLight,throughput,63148.0,1,,,,,,,,,,,
3,2x2,full-day,CoLight,average_travel_time,52.16,1,,,,,,,,,,,
3,2x2,full-day,CoLight,average_waiting_time,17.34,1,,,,,,,,,,,
3,2x2,full-day,CoLight,throughput,63139.0,1,,,,,,,,,,,
3,2x2,full-day,QAOA,average_travel_time,53.9915,20,,,0.668165398685086,,,,,,,,
3,2x2,full-day,QAOA,average_waiting_time,18.809,20,,,0.4032747528866511,,,,,,,,
3,2x2,full-day,QAOA,throughput,63158.2,20,,,32.289154118437516,,,,,,,,
3,3x3,full-day,Fixed-Time,average_travel_time,193.46,1,,,,,,,,,,,
3,3x3,full-day,Fixed-Time,average_waiting_time,54.04,1,,,,,,,,,,,
3,3x3,full-day,Fixed-Time,throughput,85529.0,1,,,,,,,,,,,
3,3x3,full-day,Classical Local,average_travel_time,95.47,1,,,,,,,,,,,
3,3x3,full-day,Classical Local,average_waiting_time,31.68,1,,,,,,,,,,,
3,3x3,full-day,Classical Local,throughput,96617.0,1,,,,,,,,,,,
3,3x3,full-day,Classical Global,average_travel_time,94.45,1,,,,,,,,,,,
3,3x3,full-day,Classical Global,average_waiting_time,30.18,1,,,,,,,,,,,
3,3x3,full-day,Classical Global,throughput,95627.0,1,,,,,,,,,,,
3,3x3,full-day,Max-Pressure,average_travel_time,93.66,1,,,,,,,,,,,
3,3x3,full-day,Max-Pressure,average_waiting_time,29.24,1,,,,,,,,,,,
3,3x3,full-day,Max-Pressure,throughput,96645.0,1,,,,,,,,,,,
3,3x3,full-day,SCOOT,average_travel_time,140.77,1,,,,,,,,,,,
3,3x3,full-day,SCOOT,average_waiting_time,46.28,1,,,,,,,,,,,
3,3x3,full-day,SCOOT,throughput,97809.0,1,,,,,,,,,,,
3,3x3,full-day,PressLight,average_travel_time,110.56,1,,,,,,,,,,,
3,3x3,full-day,PressLight,average_waiting_time,37.85,1,,,,,,,,,,,
3,3x3,full-day,PressLight,throughput,97261.0,1,,,,,,,,,,,
3,3x3,full-day,MPLight,average_travel_time,95.02,1,,,,,,,,,,,
3,3x3,full-day,MPLight,average_waiting_time,30.65,1,,,,,,,,,,,
3,3x3,full-day,MPLight,throughput,96316.0,1,,,,,,,,,,,
3,3x3,full-day,CoLight,average_travel_time,90.76,1,,,,,,,,,,,
3,3x3,full-day,CoLight,average_waiting_time,27.88,1,,,,,,,,,,,
3,3x3,full-day,CoLight,throughput,95761.0,1,,,,,,,,,,,
3,3x3,full-day,QAOA,average_travel_time,92.9595,20,,,0.705351536096495,,,,,,,,
3,3x3,full-day,QAOA,average_waiting_time,28.395,20,,,0.40176583910741315,,,,,,,,
3,3x3,full-day,QAOA,throughput,95594.35,20,,,178.79222725363593,,,,,,,,
4,2x2,alpha=0.5,QAOA,average_travel_time,87.58949999999999,20,87.3665,88.03349999999999,0.9910572504574131,87.36,91.8,,,,,,
4,2x2,alpha=0.5,QAOA,average_waiting_time,29.92799999999999,20,29.806499999999993,30.168999999999993,0.537142537193954,29.8,32.21,,,,,,
4,2x2,alpha=0.5,QAOA,throughput,1024.85,20,1022.55,1026.0,5.142956348249516,1003.0,1026.0,,,,,,
4,2x2,alpha=0.7,QAOA,average_travel_time,96.3935,20,95.7035,97.16499999999999,1.7074859173342332,95.26,99.59,,,,,,
4,2x2,alpha=0.7,QAOA,average_waiting_time,38.662499999999994,20,38.4894875,38.867025000000005,0.44294320652937597,38.39,39.66,,,,,,
4,2x2,alpha=0.7,QAOA,throughput,942.35,20,933.6,950.1025,19.312594745126134,908.0,955.0,,,,,,
4,2x2,alpha=1.0,QAOA,average_travel_time,91.36800000000001,20,91.03200000000001,91.816,0.919276603468296,90.92,93.16,,,,,,
4,2x2,alpha=1.0,QAOA,average_waiting_time,38.03200000000001,20,37.87300000000001,38.24400000000001,0.4350148212841063,37.82,38.88,,,,,,
4,2x2,alpha=1.0,QAOA,throughput,719.4,20,717.8,720.6,3.2831307266724927,713.0,721.0,,,,,,
4,3x3,alpha=0.5,QAOA,average_travel_time,170.50799999999998,20,167.0764625,174.12256250000002,8.183447735649397,156.87,188.12,,,,,,
4,3x3,alpha=0.5,QAOA,average_waiting_time,42.365,20,41.933975,42.811525,1.019486454828581,39.76,44.59,,,,,,
4,3x3,alpha=0.5,QAOA,throughput,1138.85,20,1122.64875,1155.1512500000001,38.538121932772796,1067.0,1210.0,,,,,,
4,3x3,alpha=0.7,QAOA,average_travel_time,197.496,20,194.8654875,199.88001250000005,5.815013599115202,181.35,206.31,,,,,,
4,3x3,alpha=0.7,QAOA,average_waiting_time,43.746,20,43.39748750000001,44.0455,0.758200084688108,41.73,44.52,,,,,,
4,3x3,alpha=0.7,QAOA,throughput,979.9,20,966.7987499999999,994.2,31.457406457822167,926.0,1060.0,,,,,,
4,3x3,alpha=1.0,QAOA,average_travel_time,134.63349999999997,20,133.51550000000003,135.7710125,2.677969134290113,130.53,138.85,,,,,,
4,3x3,alpha=1.0,QAOA,average_waiting_time,40.513000000000005,20,40.187,40.833000000000006,0.7546633965585334,38.95,41.73,,,,,,
4,3x3,alpha=1.0,QAOA,throughput,1014.55,20,1009.95,1019.25,11.009445705249748,998.0,1033.0,,,,,,
5,2x2,$\alpha=0.5$,QAOA - Exact Classical Global,average_travel_time,0.09950000000000828,20,-0.12349999999999213,0.5435000000000081,,,,87.58949999999999,87.49,0.09638191936532586,,,
5,2x2,$\alpha=0.5$,QAOA - Exact Classical Global,average_waiting_time,-0.6820000000000002,20,-0.8035,-0.44100000000000017,,,,29.92799999999999,30.61,-1.218894343055148,,,
5,2x2,$\alpha=0.5$,QAOA - Exact Classical Global,throughput,-3.15,20,-5.45,-2.0,,,,1024.85,1028.0,-0.5879886577355969,,,
5,2x2,$\alpha=0.7$,QAOA - Exact Classical Global,average_travel_time,-0.9765000000000015,20,-1.6664999999999999,-0.20500000000000257,,,,96.3935,97.37,-0.5490177052022511,,,
5,2x2,$\alpha=0.7$,QAOA - Exact Classical Global,average_waiting_time,-0.34749999999999803,20,-0.5205124999999973,-0.14297499999999855,,,,38.662499999999994,39.01,-0.753143958598841,,,
5,2x2,$\alpha=0.7$,QAOA - Exact Classical Global,throughput,14.35,20,5.6,22.102499999999964,,,,942.35,928.0,0.7133168888906867,,,
5,2x2,$\alpha=1.0$,QAOA - Exact Classical Global,average_travel_time,-0.5119999999999948,20,-0.847999999999994,-0.0639999999999958,,,,91.36800000000001,91.88,-0.5346812897723733,,,
5,2x2,$\alpha=1.0$,QAOA - Exact Classical Global,average_waiting_time,-0.5580000000000027,20,-0.717000000000003,-0.3460000000000022,,,,38.03200000000001,38.59,-1.2314063194875662,,,
5,2x2,$\alpha=1.0$,QAOA - Exact Classical Global,throughput,8.4,20,6.8,9.6,,,,719.4,711.0,2.456192174891859,,,
5,3x3,$\alpha=0.5$,QAOA - Exact Classical Global,average_travel_time,13.308000000000012,20,9.876462500000011,16.922562500000005,,,,170.50799999999998,157.2,1.5611610671557856,,,
5,3x3,$\alpha=0.5$,QAOA - Exact Classical Global,average_waiting_time,1.6149999999999995,20,1.1839749999999987,2.061524999999999,,,,42.365,40.75,1.5207656684959956,,,
5,3x3,$\alpha=0.5$,QAOA - Exact Classical Global,throughput,121.85,20,105.64875,138.15124999999998,,,,1138.85,1017.0,3.0353321369436963,,,
5,3x3,$\alpha=0.7$,QAOA - Exact Classical Global,average_travel_time,1.0259999999999991,20,-1.6045125000000056,3.4100125000000023,,,,197.496,196.47,0.16938223500455238,,,
5,3x3,$\alpha=0.7$,QAOA - Exact Classical Global,average_waiting_time,0.20600000000000024,20,-0.14251250000000007,0.5055000000000007,,,,43.746,43.54,0.2608282483657997,,,
5,3x3,$\alpha=0.7$,QAOA - Exact Classical Global,throughput,39.9,20,26.798750000000002,54.2,,,,979.9,940.0,1.217646472265846,,,
5,3x3,$\alpha=1.0$,QAOA - Exact Classical Global,average_travel_time,-0.8464999999999904,20,-1.9644999999999897,0.29101250000000944,,,,134.63349999999997,135.48,-0.30345383357654293,,,
5,3x3,$\alpha=1.0$,QAOA - Exact Classical Global,average_waiting_time,0.003000000000001535,20,-0.3229999999999979,0.32300000000000145,,,,40.513000000000005,40.51,0.0038162709535602803,,,
5,3x3,$\alpha=1.0$,QAOA - Exact Classical Global,throughput,6.55,20,1.95,11.25,,,,1014.55,1008.0,0.5711459203619695,,,
5,2x2,Seattle full day,QAOA - Exact Classical Global,average_travel_time,-1.6785000000000019,20,-1.9535250000000017,-1.3820000000000026,,,,53.991499999999995,55.67,-2.411618445329663,,,
5,2x2,Seattle full day,QAOA - Exact Classical Global,average_waiting_time,-1.3810000000000013,20,-1.545500000000001,-1.1995000000000011,,,,18.809,20.19,-3.2874857414459417,,,
5,2x2,Seattle full day,QAOA - Exact Classical Global,throughput,-26.8,20,-40.9,-13.29875000000002,,,,63158.2,63185.0,-0.7968000618916488,,,
5,3x3,Seattle full day,QAOA - Exact Classical Global,average_travel_time,-1.4905000000000015,20,-1.777000000000001,-1.1839875000000006,,,,92.95950000000002,94.45,-2.028605492119111,,,
5,3x3,Seattle full day,QAOA - Exact Classical Global,average_waiting_time,-1.7849999999999995,20,-1.9459999999999986,-1.6075,,,,28.395,30.18,-4.265170985684186,,,
5,3x3,Seattle full day,QAOA - Exact Classical Global,throughput,-32.65,20,-108.25125,45.55124999999998,,,,95594.35,95627.0,-0.1753096344369332,,,
6,2x2,alpha=0.7,QAOA optimization quality,average_exact_min_energy,-92.1307575,20,,,,,,,,,,,
6,2x2,alpha=0.7,QAOA optimization quality,average_selected_energy,-92.05721416666667,20,,,,,,,,,,,
6,2x2,alpha=0.7,QAOA optimization quality,average_optimality_gap,0.07354333333333334,20,,,,,,,,,0.06724999999999998,,
6,2x2,alpha=0.7,QAOA optimization quality,optimum_recovery_rate,0.9940000000000001,20,0.993,0.9950000000000001,,,,,,,,,
6,3x3,alpha=0.7,QAOA optimization quality,average_exact_min_energy,-206.84392583333334,20,,,,,,,,,,,
6,3x3,alpha=0.7,QAOA optimization quality,average_selected_energy,-183.52047916666666,20,,,,,,,,,,,
6,3x3,alpha=0.7,QAOA optimization quality,average_optimality_gap,23.323446666666666,20,,,,,,,,,24.078200000000002,,
6,3x3,alpha=0.7,QAOA optimization quality,optimum_recovery_rate,0.4141666666666667,20,0.3985000000000001,0.4309166666666666,,,,,,,,,
7,3x3,alpha=0.7,gamma,average_travel_time,196.442,10,193.16836918113847,199.71563081886154,,,,,,,,1.396,
7,3x3,alpha=0.7,gamma,average_waiting_time,43.381,10,42.77129424713986,43.99070575286014,,,,,,,,1.396,
7,3x3,alpha=0.7,gamma,throughput,989.1,10,952.9016393958285,1025.2983606041714,,,,,,,,1.396,
7,3x3,alpha=0.7,gamma,average_optimality_gap,13.32293,10,12.611876349241964,14.033983650758035,,,,,,,,1.396,
7,3x3,alpha=0.7,gamma,optimum_recovery_rate,0.4335,10,0.41923210680701173,0.44776789319298826,,,,,,,,1.396,
7,3x3,alpha=0.7,gamma,average_travel_time,195.643,10,190.09675357977594,201.18924642022407,,,,,,,,2.443,
7,3x3,alpha=0.7,gamma,average_waiting_time,43.53,10,42.95314257237744,44.106857427622565,,,,,,,,2.443,
7,3x3,alpha=0.7,gamma,throughput,966.5,10,926.7674520130391,1006.2325479869609,,,,,,,,2.443,
7,3x3,alpha=0.7,gamma,average_optimality_gap,20.798186666666666,10,20.14088754372169,21.455485789611643,,,,,,,,2.443,
7,3x3,alpha=0.7,gamma,optimum_recovery_rate,0.35083333333333333,10,0.3358969838752236,0.36576968279144306,,,,,,,,2.443,
7,3x3,alpha=0.7,gamma,average_travel_time,195.399,10,191.8035389112714,198.9944610887286,,,,,,,,3.141592653589793,
7,3x3,alpha=0.7,gamma,average_waiting_time,43.606,10,43.029367350456845,44.18263264954316,,,,,,,,3.141592653589793,
7,3x3,alpha=0.7,gamma,throughput,992.0,10,967.7457569549971,1016.2542430450029,,,,,,,,3.141592653589793,
7,3x3,alpha=0.7,gamma,average_optimality_gap,25.309306666666668,10,23.287569720984568,27.33104361234877,,,,,,,,3.141592653589793,
7,3x3,alpha=0.7,gamma,optimum_recovery_rate,0.37616666666666665,10,0.35094971903069916,0.40138361430263414,,,,,,,,3.141592653589793,
7,3x3,alpha=0.7,beta,average_travel_time,197.40800000000002,10,192.96711596403327,201.84888403596676,,,,,,,,0.349,
7,3x3,alpha=0.7,beta,average_waiting_time,43.767,10,43.36237450616107,44.17162549383894,,,,,,,,0.349,
7,3x3,alpha=0.7,beta,throughput,962.0,10,924.63520413519,999.36479586481,,,,,,,,0.349,
7,3x3,alpha=0.7,beta,average_optimality_gap,23.275423333333332,10,21.74918827920819,24.801658387458474,,,,,,,,0.349,
7,3x3,alpha=0.7,beta,optimum_recovery_rate,0.399,10,0.3707904239465804,0.42720957605341964,,,,,,,,0.349,
7,3x3,alpha=0.7,beta,average_travel_time,195.399,10,191.8035389112714,198.9944610887286,,,,,,,,0.5235987755982988,
7,3x3,alpha=0.7,beta,average_waiting_time,43.606,10,43.029367350456845,44.18263264954316,,,,,,,,0.5235987755982988,
7,3x3,alpha=0.7,beta,throughput,992.0,10,967.7457569549971,1016.2542430450029,,,,,,,,0.5235987755982988,
7,3x3,alpha=0.7,beta,average_optimality_gap,25.309306666666668,10,23.287569720984568,27.33104361234877,,,,,,,,0.5235987755982988,
7,3x3,alpha=0.7,beta,optimum_recovery_rate,0.37616666666666665,10,0.35094971903069916,0.40138361430263414,,,,,,,,0.5235987755982988,
7,3x3,alpha=0.7,beta,average_travel_time,193.498,10,188.4675046667658,198.5284953332342,,,,,,,,0.873,
7,3x3,alpha=0.7,beta,average_waiting_time,43.814,10,43.23692379363863,44.39107620636137,,,,,,,,0.873,
7,3x3,alpha=0.7,beta,throughput,976.5,10,935.9922272404677,1017.0077727595323,,,,,,,,0.873,
7,3x3,alpha=0.7,beta,average_optimality_gap,9.415253333333334,10,8.609381992017482,10.221124674649186,,,,,,,,0.873,
7,3x3,alpha=0.7,beta,optimum_recovery_rate,0.5878333333333333,10,0.5610373480815933,0.6146293185850733,,,,,,,,0.873,
7,3x3,alpha=0.7,p,average_travel_time,196.235,10,191.0982759010966,201.37172409890343,,,,,,,,1.0,
7,3x3,alpha=0.7,p,average_waiting_time,43.466,10,42.76323940690017,44.16876059309983,,,,,,,,1.0,
7,3x3,alpha=0.7,p,throughput,996.5,10,969.7800409232584,1023.2199590767416,,,,,,,,1.0,
7,3x3,alpha=0.7,p,average_optimality_gap,31.456656666666664,10,30.551810206217105,32.36150312711622,,,,,,,,1.0,
7,3x3,alpha=0.7,p,optimum_recovery_rate,0.2723333333333333,10,0.2554142330522635,0.2892524336144031,,,,,,,,1.0,
7,3x3,alpha=0.7,p,average_travel_time,195.399,10,191.8035389112714,198.9944610887286,,,,,,,,2.0,
7,3x3,alpha=0.7,p,average_waiting_time,43.606,10,43.029367350456845,44.18263264954316,,,,,,,,2.0,
7,3x3,alpha=0.7,p,throughput,992.0,10,967.7457569549971,1016.2542430450029,,,,,,,,2.0,
7,3x3,alpha=0.7,p,average_optimality_gap,25.309306666666668,10,23.287569720984568,27.33104361234877,,,,,,,,2.0,
7,3x3,alpha=0.7,p,optimum_recovery_rate,0.37616666666666665,10,0.35094971903069916,0.40138361430263414,,,,,,,,2.0,
7,3x3,alpha=0.7,p,average_travel_time,193.949,10,189.72432202044794,198.17367797955208,,,,,,,,3.0,
7,3x3,alpha=0.7,p,average_waiting_time,43.647,10,43.315301815068466,43.97869818493153,,,,,,,,3.0,
7,3x3,alpha=0.7,p,throughput,969.4,10,944.6509961183323,994.1490038816677,,,,,,,,3.0,
7,3x3,alpha=0.7,p,average_optimality_gap,16.662883333333333,10,15.277782937079628,18.04798372958704,,,,,,,,3.0,
7,3x3,alpha=0.7,p,optimum_recovery_rate,0.4435,10,0.40153702717058115,0.48546297282941886,,,,,,,,3.0,
7,3x3,alpha=0.7,shots,average_travel_time,195.24,10,191.79125610544017,198.68874389455985,,,,,,,,200.0,
7,3x3,alpha=0.7,shots,average_waiting_time,43.652,10,43.2058099604415,44.0981900395585,,,,,,,,200.0,
7,3x3,alpha=0.7,shots,throughput,977.8,10,953.7605088589704,1001.8394911410295,,,,,,,,200.0,
7,3x3,alpha=0.7,shots,average_optimality_gap,32.31865333333333,10,29.995717955632383,34.641588711034274,,,,,,,,200.0,
7,3x3,alpha=0.7,shots,optimum_recovery_rate,0.2763333333333333,10,0.2599588381029633,0.29270782856370336,,,,,,,,200.0,
7,3x3,alpha=0.7,shots,average_travel_time,195.399,10,191.8035389112714,198.9944610887286,,,,,,,,512.0,
7,3x3,alpha=0.7,shots,average_waiting_time,43.606,10,43.029367350456845,44.18263264954316,,,,,,,,512.0,
7,3x3,alpha=0.7,shots,throughput,992.0,10,967.7457569549971,1016.2542430450029,,,,,,,,512.0,
7,3x3,alpha=0.7,shots,average_optimality_gap,25.309306666666668,10,23.287569720984568,27.33104361234877,,,,,,,,512.0,
7,3x3,alpha=0.7,shots,optimum_recovery_rate,0.37616666666666665,10,0.35094971903069916,0.40138361430263414,,,,,,,,512.0,
7,3x3,alpha=0.7,shots,average_travel_time,195.692,10,189.813062718444,201.570937281556,,,,,,,,1000.0,
7,3x3,alpha=0.7,shots,average_waiting_time,43.726,10,43.07378875586086,44.37821124413914,,,,,,,,1000.0,
7,3x3,alpha=0.7,shots,throughput,964.9,10,925.8106223336359,1003.989377666364,,,,,,,,1000.0,
7,3x3,alpha=0.7,shots,average_optimality_gap,19.23094,10,17.954377479992065,20.507502520007936,,,,,,,,1000.0,
7,3x3,alpha=0.7,shots,optimum_recovery_rate,0.48133333333333334,10,0.45695878686257413,0.5057078798040925,,,,,,,,1000.0,
8,3x3,alpha=0.7,Ideal / no noise,average_travel_time,197.496,20,,,,,,,,,,0.0,
8,3x3,alpha=0.7,Ideal / no noise,average_waiting_time,43.746,20,,,,,,,,,,0.0,
8,3x3,alpha=0.7,Ideal / no noise,throughput,979.9,20,,,,,,,,,,0.0,
8,3x3,alpha=0.7,Ideal / no noise,average_optimality_gap,23.323446666666666,20,,,,,,,,,,0.0,
8,3x3,alpha=0.7,Ideal / no noise,optimum_recovery_rate,0.4141666666666667,20,,,,,,,,,,0.0,
8,3x3,alpha=0.7,Angle perturbation,average_travel_time,200.351,10,196.27574308735782,204.42625691264217,,,,,,,,0.025,
8,3x3,alpha=0.7,Angle perturbation,average_waiting_time,44.234,10,43.739061278116594,44.72893872188341,,,,,,,,0.025,
8,3x3,alpha=0.7,Angle perturbation,throughput,973.2,10,948.3739219568083,998.0260780431918,,,,,,,,0.025,
8,3x3,alpha=0.7,Angle perturbation,average_optimality_gap,29.55233666666667,10,28.799686295329728,30.30498703800361,,,,,,,,0.025,
8,3x3,alpha=0.7,Angle perturbation,optimum_recovery_rate,0.3486666666666667,10,0.3305171214620556,0.3668162118712778,,,,,,,,0.025,
8,3x3,alpha=0.7,Angle perturbation,average_travel_time,197.559,10,192.68572661374756,202.43227338625243,,,,,,,,0.05,
8,3x3,alpha=0.7,Angle perturbation,average_waiting_time,43.851,10,43.22735313237855,44.474646867621445,,,,,,,,0.05,
8,3x3,alpha=0.7,Angle perturbation,throughput,975.3,10,933.6055423508805,1016.9944576491195,,,,,,,,0.05,
8,3x3,alpha=0.7,Angle perturbation,average_optimality_gap,27.212266666666668,10,26.442998530591577,27.98153480274176,,,,,,,,0.05,
8,3x3,alpha=0.7,Angle perturbation,optimum_recovery_rate,0.354,10,0.3409007896483236,0.36709921035167636,,,,,,,,0.05,
8,3x3,alpha=0.7,Angle perturbation,average_travel_time,195.052,10,187.95573307792915,202.14826692207083,,,,,,,,0.1,
8,3x3,alpha=0.7,Angle perturbation,average_waiting_time,43.757999999999996,10,43.05908012297677,44.45691987702322,,,,,,,,0.1,
8,3x3,alpha=0.7,Angle perturbation,throughput,950.3,10,885.2859506514707,1015.3140493485292,,,,,,,,0.1,
8,3x3,alpha=0.7,Angle perturbation,average_optimality_gap,21.408083333333334,10,20.666474470660166,22.1496921960065,,,,,,,,0.1,
8,3x3,alpha=0.7,Angle perturbation,optimum_recovery_rate,0.4038333333333333,10,0.3919898031058189,0.41567686356084776,,,,,,,,0.1,
8,3x3,alpha=0.7,Depolarizing,average_travel_time,198.028,10,193.9865625542332,202.0694374457668,,,,,,,,0.005,
8,3x3,alpha=0.7,Depolarizing,average_waiting_time,43.797,10,43.329037163200944,44.26496283679905,,,,,,,,0.005,
8,3x3,alpha=0.7,Depolarizing,throughput,998.3,10,977.7099524199405,1018.8900475800594,,,,,,,,0.005,
8,3x3,alpha=0.7,Depolarizing,average_optimality_gap,17.906903333333332,10,16.710165011555656,19.10364165511101,,,,,,,,0.005,
8,3x3,alpha=0.7,Depolarizing,optimum_recovery_rate,0.465,10,0.4405788432841354,0.48942115671586467,,,,,,,,0.005,
8,3x3,alpha=0.7,Depolarizing,average_travel_time,197.464,10,192.88004373571403,202.04795626428597,,,,,,,,0.01,
8,3x3,alpha=0.7,Depolarizing,average_waiting_time,43.802,10,43.4117708141731,44.192229185826896,,,,,,,,0.01,
8,3x3,alpha=0.7,Depolarizing,throughput,978.5,10,943.6447516316274,1013.3552483683726,,,,,,,,0.01,
8,3x3,alpha=0.7,Depolarizing,average_optimality_gap,16.064056666666666,10,14.548015698216457,17.580097635116875,,,,,,,,0.01,
8,3x3,alpha=0.7,Depolarizing,optimum_recovery_rate,0.48133333333333334,10,0.45790371942251074,0.5047629472441559,,,,,,,,0.01,
8,3x3,alpha=0.7,Depolarizing,average_travel_time,197.697,10,193.88516431935219,201.50883568064782,,,,,,,,0.02,
8,3x3,alpha=0.7,Depolarizing,average_waiting_time,44.050000000000004,10,43.739828659122416,44.36017134087759,,,,,,,,0.02,
8,3x3,alpha=0.7,Depolarizing,throughput,973.6,10,949.7495261436829,997.4504738563171,,,,,,,,0.02,
8,3x3,alpha=0.7,Depolarizing,average_optimality_gap,11.982786666666666,10,11.146344835461457,12.819228497871874,,,,,,,,0.02,
8,3x3,alpha=0.7,Depolarizing,optimum_recovery_rate,0.5461666666666667,10,0.5321827734300406,0.5601505599032928,,,,,,,,0.02,
8,3x3,alpha=0.7,Readout,average_travel_time,200.194,10,196.41583931350524,203.97216068649473,,,,,,,,0.01,
8,3x3,alpha=0.7,Readout,average_waiting_time,44.027,10,43.55619047083176,44.497809529168244,,,,,,,,0.01,
8,3x3,alpha=0.7,Readout,throughput,963.3,10,935.2738923434114,991.3261076565885,,,,,,,,0.01,
8,3x3,alpha=0.7,Readout,average_optimality_gap,23.37114,10,21.561820489030605,25.180459510969396,,,,,,,,0.01,
8,3x3,alpha=0.7,Readout,optimum_recovery_rate,0.40800000000000003,10,0.3848825596376323,0.43111744036236777,,,,,,,,0.01,
8,3x3,alpha=0.7,Readout,average_travel_time,196.604,10,192.80472664315124,200.40327335684879,,,,,,,,0.02,
8,3x3,alpha=0.7,Readout,average_waiting_time,43.949,10,43.402424397671545,44.49557560232845,,,,,,,,0.02,
8,3x3,alpha=0.7,Readout,throughput,977.6,10,955.2943213502342,999.9056786497658,,,,,,,,0.02,
8,3x3,alpha=0.7,Readout,average_optimality_gap,20.68575,10,18.7596015554266,22.6118984445734,,,,,,,,0.02,
8,3x3,alpha=0.7,Readout,optimum_recovery_rate,0.43316666666666664,10,0.407291877282953,0.45904145605038027,,,,,,,,0.02,
8,3x3,alpha=0.7,Readout,average_travel_time,197.089,10,192.09637349046702,202.08162650953298,,,,,,,,0.05,
8,3x3,alpha=0.7,Readout,average_waiting_time,43.925000000000004,10,43.13139260738161,44.718607392618395,,,,,,,,0.05,
8,3x3,alpha=0.7,Readout,throughput,983.4,10,950.82319375525,1015.9768062447499,,,,,,,,0.05,
8,3x3,alpha=0.7,Readout,average_optimality_gap,19.263956666666665,10,17.058300982469543,21.469612350863787,,,,,,,,0.05,
8,3x3,alpha=0.7,Readout,optimum_recovery_rate,0.45216666666666666,10,0.42199384047012056,0.48233949286321276,,,,,,,,0.05,
9,2x2,alpha=0.7,Fixed-Time,average_travel_time,104.29,1,,,,,,,,,,,8
9,2x2,alpha=0.7,Fixed-Time,average_waiting_time,46.47,1,,,,,,,,,,,8
9,2x2,alpha=0.7,Fixed-Time,throughput,826.0,1,,,,,,,,,,,8
9,3x3,alpha=0.7,Fixed-Time,average_travel_time,227.21,1,,,,,,,,,,,8
9,3x3,alpha=0.7,Fixed-Time,average_waiting_time,56.07,1,,,,,,,,,,,9
9,3x3,alpha=0.7,Fixed-Time,throughput,750.0,1,,,,,,,,,,,8
9,3x3,Seattle full-day,Fixed-Time,average_travel_time,193.46,1,,,,,,,,,,,9
9,3x3,Seattle full-day,Fixed-Time,average_waiting_time,54.04,1,,,,,,,,,,,9
9,3x3,Seattle full-day,Fixed-Time,throughput,85529.0,1,,,,,,,,,,,9
9,2x2,alpha=0.7,Classical Local,average_travel_time,97.47,1,,,,,,,,,,,7
9,2x2,alpha=0.7,Classical Local,average_waiting_time,39.29,1,,,,,,,,,,,6
9,2x2,alpha=0.7,Classical Local,throughput,941.0,1,,,,,,,,,,,4
9,3x3,alpha=0.7,Classical Local,average_travel_time,182.23,1,,,,,,,,,,,1
9,3x3,alpha=0.7,Classical Local,average_waiting_time,44.21,1,,,,,,,,,,,3
9,3x3,alpha=0.7,Classical Local,throughput,944.0,1,,,,,,,,,,,4
9,3x3,Seattle full-day,Classical Local,average_travel_time,95.47,1,,,,,,,,,,,6
9,3x3,Seattle full-day,Classical Local,average_waiting_time,31.68,1,,,,,,,,,,,6
9,3x3,Seattle full-day,Classical Local,throughput,96617.0,1,,,,,,,,,,,4
9,2x2,alpha=0.7,Classical Global,average_travel_time,97.37,1,,,,,,,,,,,6
9,2x2,alpha=0.7,Classical Global,average_waiting_time,39.01,1,,,,,,,,,,,3
9,2x2,alpha=0.7,Classical Global,throughput,928.0,1,,,,,,,,,,,5
9,3x3,alpha=0.7,Classical Global,average_travel_time,196.47,1,,,,,,,,,,,4
9,3x3,alpha=0.7,Classical Global,average_waiting_time,43.54,1,,,,,,,,,,,1
9,3x3,alpha=0.7,Classical Global,throughput,940.0,1,,,,,,,,,,,5
9,3x3,Seattle full-day,Classical Global,average_travel_time,94.45,1,,,,,,,,,,,4
9,3x3,Seattle full-day,Classical Global,average_waiting_time,30.18,1,,,,,,,,,,,4
9,3x3,Seattle full-day,Classical Global,throughput,95627.0,1,,,,,,,,,,,7
9,2x2,alpha=0.7,Max-Pressure,average_travel_time,96.96,1,,,,,,,,,,,5
9,2x2,alpha=0.7,Max-Pressure,average_waiting_time,39.11,1,,,,,,,,,,,4
9,2x2,alpha=0.7,Max-Pressure,throughput,906.0,1,,,,,,,,,,,7
9,3x3,alpha=0.7,Max-Pressure,average_travel_time,200.24,1,,,,,,,,,,,6
9,3x3,alpha=0.7,Max-Pressure,average_waiting_time,47.16,1,,,,,,,,,,,6
9,3x3,alpha=0.7,Max-Pressure,throughput,925.0,1,,,,,,,,,,,6
9,3x3,Seattle full-day,Max-Pressure,average_travel_time,93.66,1,,,,,,,,,,,3
9,3x3,Seattle full-day,Max-Pressure,average_waiting_time,29.24,1,,,,,,,,,,,3
9,3x3,Seattle full-day,Max-Pressure,throughput,96645.0,1,,,,,,,,,,,3
9,2x2,alpha=0.7,SCOOT,average_travel_time,108.0,1,,,,,,,,,,,9
9,2x2,alpha=0.7,SCOOT,average_waiting_time,46.84,1,,,,,,,,,,,9
9,2x2,alpha=0.7,SCOOT,throughput,810.0,1,,,,,,,,,,,9
9,3x3,alpha=0.7,SCOOT,average_travel_time,227.22,1,,,,,,,,,,,9
9,3x3,alpha=0.7,SCOOT,average_waiting_time,55.92,1,,,,,,,,,,,8
9,3x3,alpha=0.7,SCOOT,throughput,664.0,1,,,,,,,,,,,9
9,3x3,Seattle full-day,SCOOT,average_travel_time,140.77,1,,,,,,,,,,,8
9,3x3,Seattle full-day,SCOOT,average_waiting_time,46.28,1,,,,,,,,,,,8
9,3x3,Seattle full-day,SCOOT,throughput,97809.0,1,,,,,,,,,,,1
9,2x2,alpha=0.7,PressLight,average_travel_time,94.97,1,,,,,,,,,,,2
9,2x2,alpha=0.7,PressLight,average_waiting_time,39.28,1,,,,,,,,,,,5
9,2x2,alpha=0.7,PressLight,throughput,922.0,1,,,,,,,,,,,6
9,3x3,alpha=0.7,PressLight,average_travel_time,210.47,1,,,,,,,,,,,7
9,3x3,alpha=0.7,PressLight,average_waiting_time,48.7,1,,,,,,,,,,,7
9,3x3,alpha=0.7,PressLight,throughput,784.0,1,,,,,,,,,,,7
9,3x3,Seattle full-day,PressLight,average_travel_time,110.56,1,,,,,,,,,,,7
9,3x3,Seattle full-day,PressLight,average_waiting_time,37.85,1,,,,,,,,,,,7
9,3x3,Seattle full-day,PressLight,throughput,97261.0,1,,,,,,,,,,,2
9,2x2,alpha=0.7,MPLight,average_travel_time,96.73,1,,,,,,,,,,,4
9,2x2,alpha=0.7,MPLight,average_waiting_time,39.45,1,,,,,,,,,,,7
9,2x2,alpha=0.7,MPLight,throughput,958.0,1,,,,,,,,,,,2
9,3x3,alpha=0.7,MPLight,average_travel_time,191.92,1,,,,,,,,,,,3
9,3x3,alpha=0.7,MPLight,average_waiting_time,45.59,1,,,,,,,,,,,5
9,3x3,alpha=0.7,MPLight,throughput,946.0,1,,,,,,,,,,,3
9,3x3,Seattle full-day,MPLight,average_travel_time,95.02,1,,,,,,,,,,,5
9,3x3,Seattle full-day,MPLight,average_waiting_time,30.65,1,,,,,,,,,,,5
9,3x3,Seattle full-day,MPLight,throughput,96316.0,1,,,,,,,,,,,5
9,2x2,alpha=0.7,CoLight,average_travel_time,89.54,1,,,,,,,,,,,1
9,2x2,alpha=0.7,CoLight,average_waiting_time,36.85,1,,,,,,,,,,,1
9,2x2,alpha=0.7,CoLight,throughput,961.0,1,,,,,,,,,,,1
9,3x3,alpha=0.7,CoLight,average_travel_time,185.92,1,,,,,,,,,,,2
9,3x3,alpha=0.7,CoLight,average_waiting_time,44.5,1,,,,,,,,,,,4
9,3x3,alpha=0.7,CoLight,throughput,978.0,1,,,,,,,,,,,2
9,3x3,Seattle full-day,CoLight,average_travel_time,90.76,1,,,,,,,,,,,1
9,3x3,Seattle full-day,CoLight,average_waiting_time,27.88,1,,,,,,,,,,,1
9,3x3,Seattle full-day,CoLight,throughput,95761.0,1,,,,,,,,,,,6
9,2x2,alpha=0.7,QAOA,average_travel_time,96.3935,20,,,,,,,,,,,3
9,2x2,alpha=0.7,QAOA,average_waiting_time,38.6625,20,,,,,,,,,,,2
9,2x2,alpha=0.7,QAOA,throughput,942.35,20,,,,,,,,,,,3
9,3x3,alpha=0.7,QAOA,average_travel_time,197.496,20,,,,,,,,,,,5
9,3x3,alpha=0.7,QAOA,average_waiting_time,43.746,20,,,,,,,,,,,2
9,3x3,alpha=0.7,QAOA,throughput,979.9,20,,,,,,,,,,,1
9,3x3,Seattle full-day,QAOA,average_travel_time,92.9595,20,,,,,,,,,,,2
9,3x3,Seattle full-day,QAOA,average_waiting_time,28.395,20,,,,,,,,,,,2
9,3x3,Seattle full-day,QAOA,throughput,95594.35,20,,,,,,,,,,,8
